Player,Pos,G,GS,MP,FG,FGA,3P,3PA,FT,FTA,ORB,DRB,AST,STL,BLK,TOV,PF,PTS,PER,TS%,3PAr,FTr,ORB%,DRB%,TRB%,AST%,STL%,BLK%,TOV%,USG%,OWS,DWS,WS,WS/48,OBPM,DBPM,BPM,MPG
Mahmoud Abdul-Rauf,PG,57,53,2029,7.345490389354362,16.944307540660425,2.1468703794972894,5.482503696402168,2.590438639724002,2.7856086742237554,0.4613109906357812,1.9871858058156726,6.901922129127649,1.1355347461803844,0.05322819122720552,2.040413997042878,2.075899457861015,19.428289797930013,18.6,0.535,0.324,0.16399999999999998,1.5,6.4,3.9,34.7,1.6,0.1,10.1,25.1,4.4,1.1,5.5,0.131,3.5,-1.6,1.9,35.59649122807018
Kenny Anderson,PG,31,28,1042,4.940499040307102,13.128598848368522,1.2437619961612285,3.4203454894433785,5.216890595009597,6.495201535508637,1.2783109404990403,2.2111324376199617,8.53358925143954,1.796545105566219,0.2763915547024952,2.0038387715930903,2.522072936660269,16.34165067178503,19.8,0.511,0.261,0.495,3.8,6.9,5.3,40.4,2.6,0.6,11.1,21.8,2.7,1.0,3.7,0.172,4.2,1.2,5.4,33.61290322580645
Nick Anderson,SG,77,77,2717,5.2999631947000365,11.977916820022083,2.2259845417740154,5.697460434302539,2.1994847258005152,3.1799779168200217,1.2189915347810083,4.279720279720279,3.6967243283032754,1.6032388663967612,0.6094957673905042,1.868237026131763,1.7887375782112622,15.025395656974604,16.5,0.562,0.47600000000000003,0.265,4.0,13.5,8.9,15.6,2.3,1.2,12.3,19.1,4.2,3.3,7.4,0.131,2.3,0.7,2.9,35.285714285714285
Willie Anderson,SG,49,42,1564,5.340153452685422,12.130434782608695,0.6675191815856778,2.186700767263427,2.6010230179028135,3.0383631713554986,0.8056265984654731,3.475703324808184,3.429667519181586,1.3350383631713556,1.173913043478261,2.739130434782609,3.9360613810741687,13.948849104859335,11.9,0.518,0.18,0.25,2.7,11.6,7.1,15.1,1.9,2.5,16.9,19.8,0.1,0.8,0.9,0.027000000000000003,-2.0,-0.1,-2.1,31.918367346938776
Greg Anthony,PG,69,68,2096,5.564885496183207,13.414122137404581,1.5458015267175573,4.654580152671756,3.9332061068702293,5.101145038167939,0.49809160305343514,2.490458015267176,8.17557251908397,1.9923664122137406,0.18893129770992367,2.7480916030534353,2.353053435114504,16.608778625954198,18.6,0.53,0.34700000000000003,0.38,1.6,8.4,4.9,41.9,2.9,0.4,14.9,23.3,2.9,1.9,4.8,0.111,2.6,0.4,2.9,30.3768115942029
Stacey Augmon,SF,77,49,2294,5.680906713164777,11.58151700087184,0.015693112467306015,0.06277244986922406,3.9389712292938097,4.974716652136007,2.149956408020924,2.6207497820401047,2.149956408020924,1.6634699215344377,0.48648648648648646,2.16564952048823,2.950305143853531,15.316477768090671,15.9,0.556,0.005,0.43,6.8,9.0,7.8,10.0,2.5,1.0,13.6,19.9,3.5,2.1,5.6,0.11699999999999999,0.1,0.2,0.3,29.792207792207794
Vin Baker,PF,82,82,3319,7.581801747514311,15.499849352214524,0.1084664055438385,0.5206387466104249,3.4817716179572162,5.195540825549864,2.852666465802953,5.911419102139199,2.2994877975293764,0.7375715576981019,0.9870442904489304,2.342874359746912,2.9502862307924076,18.75384151852968,18.4,0.527,0.034,0.335,9.5,20.5,14.9,11.4,1.1,2.1,11.6,25.6,3.7,2.4,6.2,0.08900000000000001,1.2,-1.1,0.1,40.47560975609756
Charles Barkley,PF,71,71,2632,7.933130699088146,15.866261398176292,0.6702127659574468,2.393617021276596,6.01823708206687,7.741641337386018,3.32370820668693,7.905775075987842,3.5835866261398177,1.5592705167173253,0.7659574468085106,2.9817629179331306,2.844984802431611,22.554711246200608,24.8,0.585,0.151,0.488,10.9,25.0,18.1,17.4,2.2,1.6,13.4,27.5,7.0,3.5,10.5,0.191,5.0,0.6,5.7,37.070422535211264
Dana Barros,PG,80,25,2328,5.860824742268042,12.463917525773196,2.3195876288659796,5.690721649484536,2.0103092783505154,2.2731958762886597,0.3247422680412371,2.6443298969072164,4.731958762886598,0.8969072164948454,0.04639175257731959,1.8556701030927836,1.7938144329896908,16.051546391752577,15.6,0.596,0.457,0.182,1.0,8.4,4.6,20.8,1.2,0.1,12.1,18.3,4.8,0.8,5.6,0.11599999999999999,2.3,-1.1,1.1,29.1
Benoit Benjamin,C,13,13,404,6.326732673267326,14.346534653465346,0.0,0.0,3.4752475247524752,4.99009900990099,2.762376237623762,6.415841584158415,1.4257425742574257,0.891089108910891,1.3366336633663365,3.0297029702970297,3.564356435643564,16.128712871287128,13.6,0.488,0.0,0.348,8.7,21.7,15.0,7.6,1.3,2.8,15.5,24.8,-0.4,0.5,0.1,0.01,-2.6,-1.2,-3.8,31.076923076923077
Mookie Blaylock,PG,81,81,2893,5.661942620117525,13.974421016246112,2.8745247148288975,7.752506049083996,1.5803664016591774,2.1154510888351195,1.3688212927756653,2.7625302454199794,5.948150708606982,2.638091946076737,0.2115451088835119,2.3394400276529552,1.8790183200829589,15.778776356723125,18.9,0.529,0.555,0.151,4.3,9.5,6.8,27.6,3.9,0.5,13.6,21.5,5.4,3.6,9.0,0.149,3.8,1.5,5.3,35.71604938271605
Shawn Bradley,C,67,57,1995,6.207518796992481,14.003007518796993,0.01804511278195489,0.07218045112781955,2.7067669172932334,3.98796992481203,3.374436090225564,6.225563909774436,0.9924812030075189,0.7398496240601504,4.511278195488722,2.6706766917293234,4.403007518796993,15.139849624060151,13.4,0.486,0.0,0.258,11.4,25.6,18.3,4.1,1.2,8.4,22.3,18.6,-0.4,0.4,0.0,0.005,-4.7,1.3,-3.4,29.776119402985074
Terrell Brandon,PG,75,75,2570,7.143968871595331,15.352529182879378,1.2747081712062258,3.2918287937743194,4.734630350194553,5.336964980544748,0.6583657587548638,2.8155642023346306,6.821789883268483,1.8490272373540857,0.4622568093385214,1.9891050583657588,2.0451361867704283,20.297276264591442,25.2,0.573,0.214,0.348,2.4,10.6,6.4,38.1,3.0,1.1,10.1,27.6,9.5,3.1,12.7,0.237,6.0,1.5,7.5,34.266666666666666
P.J. Brown,C,81,81,2942,4.331747110808974,9.764785859959211,0.036709721278042146,0.18354860639021073,2.496261046906866,3.2426920462270563,2.6308633582596874,4.221617946974847,2.019034670292318,0.9666893269884432,1.2236573759347382,1.6274643099932018,3.046906866077498,11.196464989802855,12.6,0.5,0.019,0.332,7.9,13.2,10.5,9.3,1.4,2.6,12.7,15.6,2.0,3.3,5.3,0.087,-1.3,0.7,-0.5,36.32098765432099
Scott Burrell,SF,20,20,693,4.77922077922078,10.701298701298702,1.9220779220779223,5.090909090909091,2.181818181818182,2.909090909090909,1.3506493506493507,3.7402597402597406,2.441558441558442,1.4025974025974026,0.6753246753246753,2.233766233766234,3.9480519480519485,13.662337662337663,13.0,0.57,0.47600000000000003,0.272,4.5,12.9,8.6,10.5,2.0,1.4,15.7,17.9,0.6,0.4,1.1,0.075,0.0,0.1,0.1,34.65
Michael Cage,C,82,80,2631,3.0102622576966933,5.418472063854048,0.0,0.013683010262257697,0.6841505131128849,1.258836944127708,3.9407069555302168,6.034207525655645,0.7251995438996579,1.1904218928164196,1.0809578107183582,0.7388825541619156,2.941847206385405,6.704675028506272,14.1,0.561,0.003,0.23199999999999998,14.3,22.7,18.4,3.3,1.9,2.7,11.0,9.4,4.1,4.0,8.1,0.14800000000000002,-0.4,0.2,-0.2,32.08536585365854
Elden Campbell,PF,82,82,2699,5.962208225268618,11.844386809929604,0.0,0.06669136717302705,3.3212300852167473,4.6550574286772886,2.1608002964060766,6.148944053353094,2.414227491663579,1.1737680622452762,2.827713968136347,1.827343460540941,4.001482030381623,15.245646535753984,18.0,0.5489999999999999,0.006,0.39299999999999996,7.1,19.5,13.4,10.3,1.7,5.5,11.6,19.6,3.8,4.4,8.2,0.147,-0.2,1.9,1.7,32.91463414634146
Cedric Ceballos,SF,78,71,2628,8.73972602739726,16.47945205479452,0.6986301369863013,2.5205479452054793,4.506849315068493,5.602739726027397,2.9452054794520546,4.397260273972602,1.6301369863013697,1.2876712328767121,0.3013698630136986,2.287671232876712,1.9726027397260273,22.684931506849313,22.1,0.599,0.153,0.34,9.7,13.9,11.9,7.9,1.9,0.6,10.8,26.5,7.1,2.8,9.8,0.18,3.9,-1.3,2.6,33.69230769230769
Rex Chapman,SG,56,50,1865,5.578552278820376,13.106702412868634,2.412868632707775,6.505093833780161,1.6021447721179625,2.1812332439678284,0.4246648793565684,2.3742627345844505,3.204289544235925,0.868632707774799,0.193029490616622,1.5249329758713137,2.258445040214477,15.172117962466489,13.0,0.539,0.496,0.166,1.4,7.5,4.5,15.4,1.3,0.4,9.8,19.7,2.3,1.9,4.2,0.10800000000000001,0.7,0.1,0.8,33.30357142857143
Calbert Cheaney,SF,70,70,2324,6.598967297762479,14.018932874354562,0.8055077452667814,2.3855421686746987,2.3390705679862305,3.314974182444062,1.0378657487091223,2.6643717728055076,2.3855421686746987,1.0378657487091223,0.27882960413080893,1.998278829604131,3.1755593803786577,16.34251290877797,13.0,0.528,0.17,0.23600000000000002,3.5,8.5,6.1,10.6,1.5,0.6,11.4,21.7,1.5,1.7,3.2,0.065,-0.9,-1.0,-1.9,33.2
Chris Childs,PG,78,54,2408,4.843853820598007,11.631229235880399,1.4202657807308972,3.872093023255814,3.872093023255814,4.544850498338871,0.7624584717607974,2.9003322259136213,8.192691029900333,1.6594684385382061,0.11960132890365449,3.4385382059800667,3.6777408637873754,14.980066445182725,16.4,0.5489999999999999,0.33299999999999996,0.391,2.3,9.1,5.6,38.6,2.4,0.3,20.1,20.7,3.3,2.5,5.8,0.115,1.3,0.4,1.7,30.871794871794872
Bimbo Coles,PG,52,52,1882,4.418703506907545,10.69287991498406,1.2051009564293307,3.2901168969181724,2.658873538788523,3.3092454835281617,0.7268862911795962,3.117959617428268,5.662061636556855,1.2051009564293307,0.2295430393198725,2.352816153028693,3.3475026567481407,12.701381509032945,13.0,0.523,0.308,0.309,2.4,9.9,6.2,25.7,1.8,0.5,16.2,18.3,1.9,2.4,4.3,0.109,-0.3,0.9,0.6,36.19230769230769
Dell Curry,SG,82,29,2371,6.69590889919865,14.788696752425137,2.4900885702235342,6.164487557992408,2.21678616617461,2.5963728384647826,1.0324757486292704,2.9759595107549557,2.6722901729228172,1.639814424293547,0.3795866722901729,1.973850695908899,2.6267397722479964,18.098692534795443,16.8,0.568,0.41700000000000004,0.17600000000000002,3.4,10.2,6.8,12.5,2.4,0.8,11.0,22.5,3.8,1.4,5.1,0.10400000000000001,2.1,-0.3,1.8,28.914634146341463
Sasha Danilović,SG,19,18,542,5.512915129151292,12.22140221402214,2.2583025830258303,5.180811808118081,3.653136531365314,4.782287822878229,0.7970479704797049,2.2583025830258303,3.121771217712177,0.996309963099631,0.19926199261992622,2.4575645756457565,3.2546125461254616,16.937269372693727,14.4,0.591,0.424,0.391,2.6,7.1,4.9,14.9,1.5,0.4,14.6,21.2,0.9,0.6,1.5,0.129,1.0,-0.6,0.4,28.526315789473685
Dale Davis,PF,78,77,2617,4.594573939625525,8.239969430645777,0.0,0.0,1.8570882690103172,3.975544516622086,3.466564768819259,6.286587695834926,1.0454719144058082,0.7703477264042797,1.5406954528085595,1.6369889186090945,3.273977837218189,11.046236148261368,14.3,0.5529999999999999,0.0,0.48200000000000004,12.4,21.1,16.9,4.6,1.2,3.4,14.1,14.8,2.6,3.7,6.2,0.115,0.1,0.3,0.4,33.55128205128205
Vinny Del Negro,SG,82,82,2766,6.221258134490238,12.52060737527115,0.7418655097613882,1.9522776572668112,2.3167028199566158,2.7852494577006506,0.4685466377440347,3.071583514099783,4.099783080260304,1.106290672451193,0.07809110629067245,1.3015184381778742,2.160520607375271,15.501084598698482,15.6,0.564,0.156,0.222,1.5,9.1,5.5,18.3,1.6,0.2,8.6,18.8,5.2,3.2,8.3,0.14400000000000002,0.4,0.7,1.1,33.73170731707317
Bison Dele,C,65,65,2157,6.942976356050069,12.78442280945758,0.016689847009735744,0.10013908205841446,3.2712100139082056,4.456189151599443,2.486787204450626,5.724617524339361,2.036161335187761,1.1682892906815021,0.9179415855354659,3.1710709318497914,3.7719054242002783,17.17385257301808,17.0,0.5820000000000001,0.008,0.349,8.2,19.5,13.7,9.4,1.7,1.9,17.7,22.2,2.1,1.9,4.0,0.09,-0.2,-0.4,-0.6,33.184615384615384
Vlade Divac,C,79,79,2470,6.034008097165992,11.761943319838057,0.0437246963562753,0.2623481781376518,2.754655870445344,4.299595141700405,2.88582995951417,7.010526315789473,3.8040485829959514,1.1076923076923078,1.9093117408906883,2.900404858299595,3.993522267206478,14.866396761133602,17.4,0.544,0.022000000000000002,0.366,9.5,22.2,16.0,16.3,1.6,3.7,17.5,20.6,2.2,4.0,6.1,0.11900000000000001,-0.2,1.6,1.4,31.265822784810126
Sherman Douglas,PG,69,62,2101,5.294621608757734,10.297953355544978,0.6682532127558306,1.7648738695859114,2.3131841980009518,3.0671108995716327,0.8396001903855307,1.8505473584007615,6.802475011899095,1.045216563541171,0.08567348881485007,2.8272251308900525,2.518800571156592,13.570680628272251,9.3,0.48200000000000004,0.083,0.47600000000000003,2.8,8.3,5.5,26.0,0.4,0.0,22.2,24.0,-0.3,0.0,-0.3,-0.053,-3.2,-3.6,-6.8,30.44927536231884
Clyde Drexler,SG,52,51,1997,5.9669504256384585,13.772658988482725,1.4061091637456185,4.236354531797697,4.777165748622934,6.093139709564347,1.7486229344016027,4.975463194792189,5.444166249374062,1.8928392588883327,0.4326489734601903,2.4156234351527295,2.7581372058087132,18.11717576364547,20.0,0.551,0.308,0.442,5.6,15.3,10.6,24.7,2.7,0.9,12.8,23.6,4.1,2.6,6.7,0.161,2.8,1.2,4.0,38.40384615384615
Joe Dumars,PG,67,40,2193,4.186046511627907,9.816689466484268,1.9863201094391245,4.891928864569083,2.6593707250342,3.233926128590971,0.45964432284541723,1.8057455540355676,4.350205198358413,0.7058823529411764,0.049247606019151846,1.5923392612859097,1.7400820793433653,13.017783857729137,13.7,0.579,0.498,0.32899999999999996,1.6,5.8,3.8,20.4,1.1,0.1,12.4,17.0,4.3,1.7,6.0,0.131,1.7,-0.5,1.1,32.73134328358209
Tyus Edney,PG,80,60,2481,4.425634824667473,10.737605804111245,0.7690447400241838,2.089480048367594,2.8585247883917777,3.656590084643289,0.9141475211608222,2.0024183796856105,7.1245465538089485,1.2914147521160821,0.04353083434099154,2.7859733978234584,2.9455864570737607,12.478839177750906,12.7,0.505,0.195,0.341,2.9,6.5,4.7,31.5,1.8,0.1,18.4,18.5,2.0,1.2,3.3,0.064,-0.5,-1.3,-1.8,31.0125
Blue Edwards,SF,82,82,2773,5.205914172376488,12.411107104219257,1.0905156869816084,3.180670753696358,2.038225748287054,2.7003245582401734,1.2722683014785432,3.2196177425171295,2.752253876667869,1.5319148936170213,0.5971871619184999,2.206996033177065,3.15470609448251,13.540569780021638,11.9,0.498,0.256,0.218,4.0,10.9,7.3,13.8,2.2,1.3,14.0,20.0,-0.7,2.5,1.9,0.032,-2.0,0.0,-1.9,33.81707317073171
Kevin Edwards,SG,34,33,1007,5.076464746772593,13.942403177755711,1.5014895729890767,3.7179741807348563,2.4309831181727906,3.0029791459781534,0.5004965243296922,2.1807348560079447,2.5382323733862964,1.9304865938430984,0.2502482621648461,2.4309831181727906,2.3952333664349554,14.085402184707052,9.8,0.461,0.267,0.215,1.5,6.8,4.1,12.1,2.8,0.5,13.7,21.5,-0.6,1.1,0.5,0.022000000000000002,-2.8,0.7,-2.1,29.61764705882353
Mario Elie,SF,45,16,1385,4.67870036101083,9.27942238267148,1.0657039711191336,3.301083032490975,2.5472924187725634,2.989169675090253,1.2216606498194946,2.8072202166064986,3.5870036101083036,1.1696750902527075,0.28592057761732853,1.5335740072202166,2.417328519855596,12.970397111913359,14.6,0.612,0.35600000000000004,0.322,3.9,8.6,6.3,15.4,1.7,0.6,12.6,15.1,2.8,1.0,3.8,0.133,0.9,0.4,1.3,30.77777777777778
Sean Elliott,SF,77,77,2901,6.514994829369183,13.985522233712512,1.997931747673216,4.864529472595656,4.045501551189245,5.249224405377456,0.8562564632885211,4.057911065149948,2.6184074457083764,0.8562564632885211,0.4095139607032058,2.4570837642192345,2.2088934850051705,19.073422957600826,16.3,0.585,0.348,0.375,2.8,12.1,7.6,11.8,1.2,0.8,13.1,23.4,4.1,3.6,7.7,0.128,1.9,-0.2,1.7,37.675324675324674
Dale Ellis,SF,81,52,2626,6.292460015232292,13.146991622239145,2.056359482102056,4.99009900990099,1.8644325971058644,2.453922315308454,1.2063975628332064,3.111957349581112,1.9055597867479055,0.7814166031987814,0.09596344249809596,1.3434881949733435,2.6184310738766183,16.505712109672505,14.7,0.58,0.38,0.187,3.9,10.0,6.9,9.1,1.1,0.2,8.6,19.3,4.7,1.5,6.2,0.114,1.5,-0.9,0.6,32.41975308641975
Patrick Ewing,C,76,76,2783,8.770391663672296,18.834351419331657,0.05174272367948257,0.362199065756378,4.5404240028745955,5.963348904060366,2.0309019044196908,8.395256916996047,2.069708947179303,0.8796263025512037,2.3801652892561984,2.858785483291412,3.1951131872080487,22.13295005389867,20.9,0.516,0.019,0.317,6.9,26.9,17.1,11.2,1.3,5.1,11.8,31.5,0.6,6.1,6.8,0.11599999999999999,0.3,1.3,1.6,36.61842105263158
Danny Ferry,PF,82,79,2680,5.66865671641791,12.344776119402985,1.9208955223880597,4.876119402985075,1.3835820895522388,1.8,0.9537313432835821,3.1970149253731344,2.565671641791045,0.7656716417910447,0.4970149253731343,1.6388059701492537,3.129850746268657,14.64179104477612,14.2,0.557,0.395,0.146,3.5,12.0,7.7,13.2,1.2,1.2,11.1,20.7,3.2,2.3,5.5,0.098,0.6,-0.7,-0.1,32.68292682926829
Michael Finley,SF,82,72,3212,5.211706102117061,10.938978829389788,0.6836861768368617,2.0846824408468243,2.7123287671232874,3.6201743462017433,1.5579078455790785,2.6338729763387296,3.2391033623910337,0.9526774595267745,0.34744707347447074,1.4906600249066002,2.2303860523038606,13.81942714819427,14.0,0.551,0.191,0.331,5.1,8.3,6.7,13.9,1.4,0.7,10.6,17.3,5.0,1.3,6.3,0.095,0.6,-0.8,-0.2,39.170731707317074
Rick Fox,SF,81,81,2588,5.856259659969088,12.908809891808346,1.3771251931993818,3.7836166924265844,2.7264296754250386,3.53323029366306,2.1978361669242656,4.061823802163833,5.132921174652241,1.571870170015456,0.5703245749613601,3.0046367851622873,4.034003091190108,15.816074188562597,16.1,0.547,0.293,0.27399999999999997,6.7,13.0,9.7,22.6,2.2,1.1,17.2,20.9,3.0,2.2,5.1,0.095,1.2,0.2,1.3,31.950617283950617
Kevin Garnett,SF,80,43,2293,5.66768425643262,11.539467945922372,0.12559965111208024,0.43959877889228083,1.6484954208460532,2.3392935019624943,2.747492368076755,5.11818578281727,2.2764936764064543,1.3501962494548625,2.056694286960314,1.7269952027911033,2.967291757522896,13.109463584823375,15.8,0.522,0.038,0.203,9.1,17.0,13.1,10.6,1.9,4.4,12.1,17.6,1.8,2.6,4.4,0.092,0.1,0.9,1.0,28.6625
Matt Geiger,C,77,50,2349,5.471264367816092,10.206896551724137,0.04597701149425287,0.12260536398467432,2.283524904214559,3.1417624521072796,3.0804597701149423,6.865900383141762,0.9195402298850575,0.7049808429118773,0.9655172413793103,2.099616858237548,4.444444444444445,13.272030651340996,14.2,0.573,0.012,0.308,10.2,23.6,16.8,4.1,1.0,2.0,15.3,17.2,2.4,1.9,4.3,0.08800000000000001,-1.8,-1.1,-2.9,30.506493506493506
Kendall Gill,SG,36,36,1265,5.094071146245059,10.586561264822134,0.48379446640316204,1.5367588932806324,2.532806324110672,3.3296442687747034,1.5936758893280631,3.78498023715415,6.403162055335968,1.1952569169960474,0.6260869565217391,3.1304347826086953,2.8743083003952568,13.204743083003953,15.3,0.5479999999999999,0.145,0.315,5.3,13.0,9.1,27.8,1.7,1.3,20.6,19.1,1.3,0.7,2.0,0.077,1.1,0.2,1.3,35.138888888888886
Armen Gilliam,SF,78,76,2856,7.260504201680672,15.327731092436975,0.0,0.012605042016806723,3.491596638655462,4.411764705882353,3.03781512605042,5.949579831932773,1.7647058823529411,0.9201680672268908,0.6680672268907564,2.23109243697479,2.26890756302521,18.01260504201681,17.6,0.522,0.001,0.28800000000000003,9.1,18.6,13.7,9.4,1.3,1.4,11.4,23.7,3.3,3.4,6.7,0.113,1.2,-0.4,0.8,36.61538461538461
Brian Grant,PF,78,75,2398,6.410341951626355,12.640533778148457,0.060050041701417846,0.25521267723102586,3.933277731442869,5.374478732276897,2.6271893244370306,5.554628857381151,1.9065888240200166,0.6005004170141784,1.5462885738115095,2.7773144286905755,4.03836530442035,16.814011676396998,15.8,0.56,0.02,0.425,8.4,17.9,13.2,9.2,0.9,3.2,15.6,21.7,2.4,2.3,4.7,0.094,-0.6,-0.3,-0.9,30.743589743589745
Harvey Grant,PF,76,75,2394,4.7218045112781954,10.210526315789473,0.3157894736842105,1.007518796992481,0.9022556390977443,1.6541353383458646,1.7593984962406015,3.669172932330827,1.6691729323308269,0.9022556390977443,0.6466165413533834,1.2330827067669172,2.601503759398496,10.661654135338345,10.4,0.48700000000000004,0.099,0.162,5.6,11.6,8.6,7.3,1.3,1.3,10.1,14.8,0.9,3.1,4.0,0.081,-1.9,1.0,-0.9,31.5
Horace Grant,PF,63,62,2286,5.464566929133858,10.661417322834646,0.015748031496062992,0.09448818897637795,2.393700787401575,3.2598425196850394,2.8031496062992125,6.330708661417323,2.677165354330709,0.9763779527559056,1.1653543307086613,1.0078740157480315,2.267716535433071,13.338582677165354,17.9,0.551,0.009000000000000001,0.306,9.3,20.0,14.8,11.4,1.4,2.4,7.7,16.5,5.0,3.1,8.0,0.16899999999999998,1.7,0.7,2.4,36.285714285714285
Tom Gugliotta,PF,78,78,2835,6.006349206349206,12.749206349206348,0.33015873015873015,1.092063492063492,3.6698412698412697,4.749206349206349,2.234920634920635,6.526984126984127,3.022222222222222,1.765079365079365,1.2190476190476192,2.9714285714285715,3.365079365079365,16.012698412698413,16.9,0.54,0.086,0.373,7.4,21.7,14.6,14.4,2.5,2.6,16.7,21.9,1.5,3.7,5.3,0.08900000000000001,0.0,1.0,1.0,36.34615384615385
Anfernee Hardaway,PG,82,82,3015,7.438805970149254,14.507462686567164,1.0626865671641792,3.3791044776119405,5.313432835820896,6.925373134328359,1.5402985074626865,2.6865671641791047,6.949253731343283,1.982089552238806,0.48955223880597015,2.734328358208955,1.9104477611940298,21.253731343283583,24.6,0.605,0.233,0.47700000000000004,5.1,8.5,6.8,32.2,2.9,1.0,13.5,25.5,11.0,3.4,14.4,0.22899999999999998,6.2,1.0,7.2,36.76829268292683
Tim Hardaway,PG,52,18,1487,6.173503698722259,14.671149966375252,2.057834566240753,5.616677874915938,3.389374579690652,4.406186953597848,0.5326160053799596,2.638870208473436,8.715534633490249,1.7915265635507733,0.2663080026899798,3.026227303295225,3.171486213853396,17.794216543375924,18.5,0.536,0.38299999999999995,0.3,1.7,8.5,5.1,40.2,2.6,0.5,15.4,23.8,3.0,1.0,3.9,0.127,3.3,-0.8,2.5,28.596153846153847
Derek Harper,PG,82,82,2893,5.425509851365365,11.684756308330453,1.505703422053232,4.044244728655375,1.94123746975458,2.5634289664707914,0.3982025578983754,2.1154510888351195,4.380228136882129,1.6301417213964742,0.062219149671621156,2.215001728309713,2.5012098167991703,14.29796059453854,13.9,0.5579999999999999,0.34600000000000003,0.21899999999999997,1.3,6.8,4.1,20.1,2.4,0.1,14.7,19.4,2.6,3.7,6.3,0.105,-0.2,0.7,0.5,35.28048780487805
Hersey Hawkins,SG,82,82,2823,5.649309245483527,11.936238044633368,1.8618490967056323,4.845908607863974,3.175345377258236,3.6344314558979804,1.0967056323060573,2.6907545164718383,2.780021253985122,1.900106269925611,0.17853347502656747,2.0913921360255046,2.1934112646121147,16.335812964930923,16.1,0.603,0.406,0.304,3.8,8.4,6.2,12.5,2.7,0.4,13.4,19.4,5.3,4.2,9.5,0.161,1.9,0.9,2.8,34.426829268292686
Grant Hill,SF,80,80,3260,6.228220858895706,13.483435582822086,0.05521472392638037,0.2871165644171779,5.355828220858896,7.133742331288344,1.4024539877300615,7.244171779141104,6.051533742331289,1.1042944785276074,0.5300613496932516,2.9042944785276075,2.67239263803681,17.867484662576686,20.9,0.537,0.021,0.529,4.9,23.4,14.5,31.4,1.7,1.2,14.9,25.9,6.0,5.7,11.7,0.172,3.1,1.7,4.8,40.75
Jeff Hornacek,SG,82,59,2588,6.1483771251932,12.241112828438949,1.446676970633694,3.1020092735703244,3.6027820710973724,4.034003091190108,0.8624420401854714,2.044822256568779,4.72952086553323,1.474497681607419,0.2782071097372488,1.76661514683153,2.3786707882534777,17.346213292117465,19.1,0.619,0.253,0.33,3.0,6.8,5.0,21.2,2.2,0.6,11.2,20.1,7.9,2.4,10.2,0.19,3.8,0.6,4.4,31.5609756097561
Robert Horry,SF,71,71,2634,4.100227790432802,10.004555808656036,1.9407744874715263,5.302961275626424,1.5170842824601367,1.9544419134396356,1.325740318906606,4.305239179954442,3.8405466970387243,1.5854214123006833,1.489749430523918,2.1867881548974943,2.69248291571754,11.658314350797268,13.7,0.537,0.53,0.195,4.3,13.2,8.9,16.1,2.3,2.9,16.8,16.3,1.5,3.4,4.9,0.08900000000000001,0.7,1.6,2.3,37.098591549295776
Allan Houston,SG,82,75,3072,6.609375,14.578125,2.23828125,5.23828125,3.4921875,4.2421875,0.6328125,2.8828125,2.9296875,0.71484375,0.1875,2.73046875,2.73046875,18.94921875,15.7,0.5760000000000001,0.359,0.29100000000000004,2.2,9.3,5.9,15.5,1.1,0.4,14.2,25.4,4.2,3.0,7.1,0.11199999999999999,1.9,-0.9,1.0,37.46341463414634
Juwan Howard,PF,81,81,3294,8.010928961748634,16.39344262295082,0.04371584699453552,0.14207650273224043,3.4863387978142075,4.655737704918033,2.0546448087431695,5.158469945355192,3.9344262295081966,0.73224043715847,0.4262295081967213,3.3114754098360657,2.939890710382514,19.55191256830601,17.0,0.53,0.009000000000000001,0.284,6.9,16.5,11.8,18.7,1.0,0.8,15.2,27.0,2.5,3.1,5.6,0.08199999999999999,0.6,-1.0,-0.4,40.666666666666664
Jim Jackson,SG,82,82,2820,7.263829787234042,16.69787234042553,1.5446808510638297,4.251063829787234,4.404255319148936,5.336170212765957,2.2085106382978723,3.025531914893617,3.0,0.6,0.2808510638297872,2.4382978723404256,2.106382978723404,20.47659574468085,16.6,0.5379999999999999,0.255,0.32,5.9,9.7,7.6,14.3,0.8,0.5,11.3,24.9,4.8,0.6,5.4,0.092,1.8,-2.1,-0.3,34.390243902439025
Mark Jackson,PG,81,81,2643,4.031782065834279,8.526674233825199,0.8717366628830874,2.0295119182746877,2.0431328036322363,2.601589103291714,0.8989784335981839,3.282633371169126,8.649262202043133,1.362088535754824,0.0681044267877412,2.737797956867196,2.0839954597048806,10.978433598183882,15.9,0.568,0.23800000000000002,0.305,3.2,11.0,7.3,37.4,2.0,0.2,22.1,15.8,4.6,2.6,7.2,0.13,2.5,0.2,2.7,32.629629629629626
Avery Johnson,PG,82,82,3084,5.1128404669260705,10.354085603112841,0.07003891050583658,0.36186770428015563,2.2062256809338523,3.058365758754864,0.43190661478599224,1.972762645914397,9.210116731517509,1.3891050583657587,0.24513618677042803,2.2762645914396886,2.0894941634241246,12.501945525291829,16.3,0.534,0.035,0.295,1.4,5.9,3.7,39.1,2.0,0.5,16.3,17.5,5.6,3.5,9.1,0.141,1.4,0.3,1.7,37.609756097560975
Kevin Johnson,PG,56,55,2007,6.134529147982063,12.089686098654708,0.37668161434977576,1.0224215246636772,6.134529147982063,7.139013452914798,0.7533632286995515,3.210762331838565,9.27354260089686,1.4708520179372198,0.23318385650224216,3.0493273542600896,2.5829596412556053,18.780269058295964,22.8,0.617,0.085,0.591,2.5,10.2,6.4,41.5,2.1,0.5,16.7,22.6,6.9,1.3,8.2,0.195,4.5,0.3,4.7,35.839285714285715
Larry Johnson,PF,81,81,3274,6.410507025045815,13.469761759315821,0.7367135003054367,2.012217470983506,4.695174098961515,6.201588271227855,2.7379352474037875,4.772144166157605,3.9034819792302993,0.6047648136835675,0.47281612706169823,2.0012217470983504,1.9022602321319486,18.25290164935858,19.8,0.563,0.149,0.46,9.0,16.4,12.7,18.0,0.9,1.0,11.0,22.9,8.8,1.3,10.1,0.149,3.9,-1.1,2.8,40.41975308641975
Magic Johnson,PF,32,9,958,5.148225469728601,11.048016701461377,0.8267223382045928,2.1795407098121085,6.463465553235908,7.553235908141962,1.5031315240083507,5.3736951983298535,8.267223382045929,0.9770354906054279,0.48851774530271397,3.870563674321503,1.8037578288100207,17.5866388308977,21.1,0.612,0.19699999999999998,0.684,5.0,17.0,11.1,34.1,1.4,1.0,21.2,22.7,2.6,1.1,3.6,0.18100000000000002,4.7,0.5,5.2,29.9375
Eddie Jones,SG,70,66,2184,5.554945054945055,11.291208791208792,1.3681318681318682,3.741758241758242,2.241758241758242,3.032967032967033,0.7417582417582418,3.098901098901099,4.054945054945055,2.1263736263736264,0.7417582417582418,1.6318681318681318,2.6703296703296706,14.71978021978022,17.0,0.583,0.331,0.26899999999999996,2.4,9.8,6.2,17.0,3.1,1.4,11.4,17.8,4.1,2.7,6.8,0.15,1.4,1.9,3.3,31.2
Popeye Jones,PF,68,68,2322,5.069767441860465,11.364341085271318,0.21705426356589147,0.6046511627906976,1.5813953488372092,2.062015503875969,4.0310077519379846,7.395348837209302,2.046511627906977,0.8372093023255813,0.41860465116279066,1.689922480620155,4.062015503875969,11.937984496124031,13.4,0.486,0.053,0.18100000000000002,10.8,23.6,16.6,8.8,1.2,0.8,12.1,16.2,1.7,1.9,3.7,0.076,-1.9,-0.8,-2.7,34.14705882352941
Michael Jordan,SG,82,82,3090,10.671844660194175,21.553398058252426,1.2932038834951456,3.029126213592233,6.384466019417476,7.654368932038835,1.7242718446601941,4.601941747572815,4.100970873786408,2.0970873786407767,0.4893203883495146,2.295145631067961,2.2718446601941746,29.021359223300973,29.4,0.5820000000000001,0.141,0.355,5.6,14.9,10.2,21.2,3.1,1.0,8.4,33.3,14.2,6.2,20.4,0.317,8.3,2.2,10.5,37.68292682926829
Shawn Kemp,PF,79,76,2631,7.197263397947549,12.820980615735461,0.06841505131128849,0.16419612314709237,6.745724059293044,9.08551881413911,3.7765108323831242,8.592930444697833,2.3671607753705817,1.272519954389966,1.7377423033067276,4.310148232611175,4.091220068415051,21.20866590649943,22.6,0.631,0.013000000000000001,0.7090000000000001,13.0,26.9,20.3,11.5,1.8,3.8,20.4,26.2,5.2,6.1,11.2,0.205,1.5,1.3,2.8,33.30379746835443
Jason Kidd,PG,81,81,3034,5.8497033618984835,15.342122610415293,1.5781147000659195,4.69874752801582,2.7172050098879366,3.92748846407383,2.4087013843111404,4.152933421226104,9.290705339485827,2.076466710613052,0.3085036255767963,3.8918918918918917,1.8391562294001318,15.994726433750824,17.8,0.46799999999999997,0.306,0.256,6.5,13.3,9.6,41.5,2.9,0.6,18.6,24.3,1.7,2.6,4.3,0.068,2.3,-0.3,2.0,37.45679012345679
Christian Laettner,C,44,44,1518,6.711462450592885,13.802371541501975,0.2134387351778656,0.7351778656126482,5.146245059288537,6.308300395256917,2.324110671936759,4.83794466403162,3.0592885375494068,0.9486166007905138,1.0197628458498023,2.6561264822134385,3.7233201581027666,18.782608695652172,18.0,0.5660000000000001,0.053,0.457,7.7,16.1,11.9,15.0,1.4,2.2,13.8,23.7,2.5,1.2,3.7,0.11599999999999999,1.5,-0.3,1.2,34.5
Andrew Lang,C,51,51,1815,5.573553719008265,12.277685950413224,0.0,0.059504132231404966,1.8842975206611572,2.340495867768595,2.2016528925619836,4.423140495867769,1.2297520661157026,0.6942148760330579,1.6859504132231407,1.8644628099173555,3.5305785123966946,13.031404958677687,12.4,0.49,0.005,0.191,6.9,15.1,10.9,5.7,1.0,3.6,12.3,18.9,0.4,1.8,2.2,0.057999999999999996,-2.5,-0.4,-2.9,35.588235294117645
Grant Long,PF,82,82,3008,4.727393617021277,10.029255319148936,0.37101063829787234,1.0292553191489362,3.0757978723404253,4.033244680851064,2.9680851063829787,6.462765957446808,2.190159574468085,1.2925531914893618,0.40691489361702127,1.8789893617021276,2.788563829787234,12.90159574468085,16.2,0.546,0.10300000000000001,0.402,9.4,22.1,15.5,9.7,1.9,0.9,13.7,17.1,4.7,3.8,8.4,0.134,0.6,0.2,0.7,36.68292682926829
Dan Majerle,SF,82,15,2367,4.608365019011407,11.376425855513308,2.220532319391635,6.2965779467680605,1.8250950570342206,2.5703422053231937,1.064638783269962,3.574144486692015,3.2547528517110265,1.231939163498099,0.5171102661596958,1.414448669201521,1.9923954372623573,13.262357414448669,15.1,0.53,0.5529999999999999,0.226,3.9,13.4,8.6,15.9,2.0,1.3,10.2,19.5,3.0,2.6,5.5,0.11199999999999999,1.7,0.2,1.9,28.865853658536587
Karl Malone,PF,82,82,3113,9.12431737873434,17.57789913266945,0.18503051718599423,0.4625762929649856,5.920976549951815,8.187600385480245,2.0237712817218116,7.274012206874398,3.9897205268230005,1.5958882107292003,0.6476068101509798,2.3013170575008033,2.8332797944105366,24.35464182460649,26.0,0.575,0.026000000000000002,0.466,7.1,24.2,15.8,20.6,2.4,1.5,9.8,29.8,9.9,5.3,15.1,0.233,5.6,1.4,7.0,37.96341463414634
Jamal Mashburn,SF,18,18,669,7.802690582959642,20.609865470852018,1.883408071748879,5.488789237668161,5.219730941704036,7.15695067264574,1.9910313901345293,3.2286995515695067,2.690582959641256,0.7533632286995516,0.16143497757847536,2.9596412556053813,2.0986547085201797,22.708520179372197,14.4,0.478,0.266,0.34700000000000003,5.3,10.3,7.6,13.2,1.1,0.3,11.1,30.9,0.0,0.2,0.2,0.013999999999999999,1.0,-2.5,-1.5,37.166666666666664
Anthony Mason,SF,82,82,3457,4.67573040208273,8.31009545849002,0.0,0.0,3.103268730112814,4.311252531096326,2.29100376048597,5.665027480474399,3.780156204801851,0.7185420885160543,0.35406421752964995,2.197280879375181,2.561758750361585,12.454729534278275,15.8,0.61,0.0,0.519,7.8,18.1,13.1,16.7,1.1,0.8,17.7,16.1,6.3,5.0,11.3,0.157,1.0,0.9,1.9,42.15853658536585
Vernon Maxwell,PG,75,57,2467,5.9829752736116735,15.351438994730442,2.1305229023104983,6.712606404539927,3.6627482772598294,4.844750709363599,0.5691122821240373,2.772598297527361,4.815565464126469,1.4008917713822455,0.1751114714227807,3.1374138629914876,2.6558573165788406,17.759221726793676,13.9,0.508,0.43700000000000006,0.316,1.8,9.1,5.4,24.7,2.0,0.4,15.2,25.6,0.4,0.5,0.9,0.018000000000000002,0.0,-1.7,-1.7,32.89333333333333
George McCloud,SF,79,63,2846,6.704146170063247,16.203794799718903,3.2508784258608574,8.576247364722418,2.2768798313422347,2.833450456781448,1.467322557976107,3.326774420238932,2.6816584680252986,1.4293745607870696,0.48067463106113845,2.099789177793394,2.6816584680252986,18.936050597329587,15.9,0.5429999999999999,0.529,0.175,3.9,10.6,7.0,12.5,2.0,0.9,10.7,22.6,4.2,1.6,5.8,0.098,1.9,-0.6,1.4,36.0253164556962
Antonio McDyess,PF,76,75,2280,6.742105263157895,13.910526315789474,0.0,0.06315789473684211,2.6210526315789475,3.836842105263158,3.6157894736842104,5.41578947368421,1.1842105263157896,0.8526315789473684,1.8,2.431578947368421,3.947368421052632,16.105263157894736,15.6,0.516,0.005,0.276,11.6,17.4,14.5,5.8,1.2,3.6,13.5,22.4,0.9,2.7,3.6,0.075,-1.4,-0.5,-1.9,30.0
Derrick McKey,SF,75,75,2440,5.104918032786886,10.504918032786886,0.25081967213114753,1.0032786885245901,2.5081967213114753,3.2606557377049183,1.8147540983606558,3.511475409836066,3.865573770491803,1.2245901639344263,0.6491803278688525,2.1098360655737705,3.6295081967213116,12.968852459016393,14.2,0.5429999999999999,0.096,0.31,6.5,11.8,9.2,17.5,1.8,1.4,15.0,17.9,3.1,2.6,5.7,0.11199999999999999,0.7,1.2,1.9,32.53333333333333
Oliver Miller,PF,76,72,2516,5.980922098569158,11.375198728139905,0.0,0.1573926868044515,2.0890302066772657,3.1621621621621623,2.5325914149443562,5.508744038155803,3.1335453100158985,1.5453100158982513,2.04610492845787,2.890302066772655,3.9634340222575517,14.05087440381558,16.2,0.55,0.013999999999999999,0.278,8.3,18.3,13.3,14.2,2.2,4.3,18.5,19.2,1.3,2.4,3.8,0.07200000000000001,-0.9,0.9,0.0,33.10526315789474
Reggie Miller,SG,76,76,2621,6.922548645555132,14.641739793971768,2.307516215185044,5.6314383822968335,5.906142693628387,6.840137352155666,0.5219381915299505,2.4173979397176653,3.4750095383441435,1.0576115986264785,0.17855780236550936,2.5959557420831745,2.4036627241510873,22.058756199923693,20.1,0.625,0.385,0.467,1.9,8.1,5.1,17.2,1.6,0.4,12.8,25.8,8.3,2.0,10.3,0.188,5.1,-0.4,4.7,34.48684210526316
Chris Mills,SF,80,80,3060,5.341176470588235,11.423529411764706,0.9294117647058824,2.4705882352941178,2.564705882352941,3.0941176470588236,1.3176470588235294,3.8941176470588235,2.211764705882353,0.8588235294117647,0.611764705882353,1.423529411764706,2.835294117647059,14.176470588235293,15.2,0.5539999999999999,0.21600000000000003,0.271,4.8,14.6,9.6,11.2,1.4,1.5,10.0,19.9,4.7,3.1,7.8,0.122,0.1,-0.2,-0.1,38.25
Alonzo Mourning,C,70,70,2671,7.58816922500936,14.502433545488582,0.12130288281542494,0.40434294271808313,6.577311868214152,9.596405840509172,2.938225383751404,6.860351928116811,2.1430175964058407,0.943466866342194,2.5473605391239236,3.531261699737926,3.302134032197679,21.874953201048296,22.7,0.584,0.027999999999999997,0.662,9.7,21.7,15.9,11.4,1.4,5.5,15.9,28.1,4.4,5.5,9.9,0.17800000000000002,2.2,2.0,4.2,38.15714285714286
Chris Mullin,SF,55,19,1617,5.98886827458256,12.0,1.313543599257885,3.339517625231911,3.0500927643784785,3.562152133580705,0.9795918367346939,2.5602968460111315,4.319109461966605,1.6697588126159555,0.712430426716141,2.7161410018552874,2.8274582560296846,16.341372912801482,16.7,0.602,0.278,0.297,3.1,8.3,5.7,19.8,2.4,1.4,16.7,19.7,2.9,1.1,4.0,0.11699999999999999,1.9,0.2,2.1,29.4
Gheorghe Mureșan,C,76,76,2242,7.482604817127564,12.813559322033898,0.0,0.016057091882247992,2.7618198037466546,4.463871543264942,3.982158786797502,7.707404103479036,0.8991971454058876,0.8349687778768956,2.7618198037466546,2.296164139161463,4.768956289027654,17.727029438001782,21.0,0.6,0.001,0.348,13.3,24.7,19.1,4.2,1.2,5.5,13.4,21.2,4.3,3.8,8.0,0.172,0.9,0.8,1.7,29.5
Tracy Murray,SF,82,37,2458,7.264442636289666,15.993490642799022,2.211554109031733,5.243287225386493,2.665581773799837,3.2074857607811227,1.6696501220504474,3.485760781122864,1.918633034987795,1.274206672091131,0.5858421480878763,1.9332790886899918,3.046379170056957,19.4060211554109,16.8,0.557,0.32799999999999996,0.201,5.5,11.6,8.5,9.3,1.8,1.2,10.0,23.7,4.0,0.9,4.9,0.096,2.0,-1.8,0.1,29.975609756097562
Dikembe Mutombo,C,74,74,2713,3.768521931441209,7.550313306302986,0.0,0.013269443420567637,3.264283081459639,4.697382970880944,3.3040914117213416,8.25359380759307,1.4330998894213047,0.5042388499815702,4.405455215628455,1.9904165130851454,3.42351640250645,10.801326944342057,17.1,0.562,0.002,0.622,10.6,26.6,18.6,6.1,0.7,8.8,17.1,14.4,2.6,5.0,7.6,0.134,-0.7,2.8,2.1,36.66216216216216
Johnny Newman,SG,82,82,2690,4.2959107806691454,8.68550185873606,0.8163568773234201,2.168029739776952,2.489219330855019,3.104832713754647,0.883271375464684,1.7933085501858737,2.0609665427509296,1.204460966542751,0.20074349442379183,1.4453531598513012,3.4394052044609666,11.89739776951673,11.5,0.5920000000000001,0.25,0.35700000000000004,3.0,6.2,4.6,8.8,1.8,0.4,12.6,14.6,3.7,0.7,4.4,0.079,-1.2,-0.1,-1.4,32.80487804878049
Shaquille O'Neal,C,54,52,1946,10.95169578622816,19.109969167523126,0.018499486125385406,0.03699897225077081,4.606372045220966,9.453237410071942,3.366906474820144,7.658787255909558,2.867420349434738,0.6289825282631039,2.1274409044193217,2.867420349434738,3.5704008221993835,26.528263103802672,26.4,0.57,0.002,0.495,11.1,24.2,17.8,15.9,0.9,4.4,11.0,32.8,3.9,3.0,6.9,0.171,3.5,0.2,3.7,36.03703703703704
Charles Oakley,PF,53,51,1775,4.27943661971831,9.08619718309859,0.14197183098591548,0.5273239436619718,3.549295774647887,4.259154929577464,3.285633802816901,6.043943661971831,2.7785915492957747,1.1763380281690141,0.28394366197183096,2.109295774647887,3.954929577464789,12.250140845070423,15.1,0.5589999999999999,0.057999999999999996,0.469,11.1,19.3,15.3,12.1,1.7,0.6,16.1,16.9,2.6,3.0,5.6,0.15,-0.1,1.0,0.9,33.490566037735846
Hakeem Olajuwon,C,72,72,2797,9.884876653557383,19.229174115123346,0.038612799427958526,0.1801930639971398,5.109760457633178,7.053271362173757,2.2652842331069003,7.825527350732928,3.3078298176617804,1.454415445119771,2.664283160529138,3.179120486235252,3.114765820521988,24.918126564175903,25.5,0.5579999999999999,0.009000000000000001,0.36700000000000005,7.3,24.0,15.9,18.3,2.1,5.3,12.5,31.9,4.5,5.2,9.7,0.166,2.8,2.0,4.9,38.84722222222222
Billy Owens,SF,40,40,1388,6.198847262247838,12.268011527377523,0.0,0.15561959654178675,2.9048991354466858,4.590778097982709,2.438040345821326,4.979827089337176,3.4755043227665707,0.7780979827089337,0.5706051873198847,2.930835734870317,3.4236311239193085,15.302593659942364,14.8,0.536,0.013000000000000001,0.374,8.1,15.7,12.0,17.2,1.1,1.2,17.0,21.7,0.8,2.0,2.7,0.095,0.2,0.6,0.8,34.7
Robert Pack,PG,31,31,1084,6.3099630996309966,14.745387453874539,0.8634686346863469,3.2546125461254616,5.11439114391144,6.044280442804428,0.96309963099631,3.4206642066420665,8.03690036900369,2.059040590405904,0.033210332103321034,3.785977859778598,2.2583025830258303,18.59778597785978,19.3,0.534,0.221,0.41,3.2,11.0,7.2,35.3,2.9,0.1,17.9,26.3,1.5,1.2,2.7,0.121,2.4,-0.4,2.0,34.96774193548387
Gary Payton,PG,81,81,3162,7.036053130929791,14.527514231499051,1.1157495256166983,3.4041745730550286,2.607210626185958,3.4838709677419355,1.1840607210626186,2.6755218216318783,6.922201138519924,2.6299810246679316,0.21631878557874762,2.9601518026565463,2.5161290322580645,17.795066413662237,19.6,0.5539999999999999,0.23399999999999999,0.24,4.1,8.4,6.3,33.3,3.7,0.5,15.6,23.6,5.9,5.6,11.5,0.174,2.8,1.8,4.6,39.03703703703704
Wesley Person,SG,82,47,2609,5.381372173246454,12.101188194710616,1.6144116519739364,4.318896128784975,2.0421617477960905,2.649290916059793,0.7727098505174396,3.6565733997700267,1.9041778459179761,0.7589114603296282,0.3035645841318513,1.2280567267152165,2.0421617477960905,14.419317746262935,12.6,0.5429999999999999,0.35700000000000004,0.21899999999999997,2.5,11.6,7.1,8.2,1.1,0.6,8.5,17.9,2.9,1.2,4.0,0.07400000000000001,0.1,-1.2,-1.2,31.817073170731707
Bobby Phills,SG,72,69,2530,5.4924901185770745,11.753359683794466,1.3233201581027667,3.0023715415019763,2.6466403162055334,3.4150197628458496,0.8822134387351779,2.831620553359684,3.8561264822134387,1.451383399209486,0.3841897233201581,1.792885375494071,2.7320158102766796,14.95494071146245,16.8,0.564,0.255,0.29100000000000004,3.2,10.7,6.9,19.7,2.4,0.9,11.9,21.1,4.5,2.7,7.1,0.136,1.1,0.6,1.7,35.138888888888886
Scottie Pippen,SF,77,77,2825,7.174513274336284,15.495929203539824,1.9115044247787611,5.110088495575222,2.8035398230088497,4.128849557522124,1.936991150442478,4.383716814159293,5.760000000000001,1.6948672566371683,0.7263716814159292,2.6378761061946903,2.523185840707965,19.06407079646018,21.0,0.551,0.33,0.266,6.3,14.2,10.2,25.2,2.5,1.5,13.2,24.4,7.0,5.3,12.3,0.209,4.6,1.7,6.3,36.688311688311686
Olden Polynice,C,81,80,2441,6.3564113068414585,12.063908234330192,0.014748054076198279,0.044244162228594834,1.79926259729619,2.9938549774682506,3.7902498975829575,7.477263416632527,0.8553871364195001,0.7668988119623105,0.9733715690290864,1.8730028676771815,3.68701351904957,14.526833265055304,15.8,0.5429999999999999,0.004,0.248,12.1,24.1,18.1,4.1,1.1,2.0,12.3,18.6,2.5,2.8,5.3,0.105,-0.4,-1.3,-1.7,30.135802469135804
Dino Radja,PF,53,52,1984,7.72983870967742,15.45967741935484,0.0,0.0,3.465725806451613,4.98991935483871,2.050403225806452,7.421370967741936,1.5060483870967742,0.870967741935484,1.4697580645161292,2.122983870967742,2.9213709677419355,18.925403225806452,18.0,0.536,0.0,0.32299999999999995,6.2,23.7,14.7,7.2,1.2,2.9,10.7,23.6,1.8,2.2,4.0,0.096,0.2,-0.5,-0.3,37.43396226415094
Bryant Reeves,C,77,63,2460,5.86829268292683,12.834146341463416,0.0,0.04390243902439025,3.204878048780488,4.375609756097561,2.604878048780488,5.736585365853659,1.5951219512195123,0.6292682926829268,0.8048780487804879,2.2975609756097564,3.307317073170732,14.941463414634148,13.4,0.506,0.003,0.341,8.2,19.4,13.6,8.3,0.9,1.7,13.5,21.6,0.0,2.3,2.3,0.045,-2.4,-1.2,-3.7,31.948051948051948
Glen Rice,SF,79,79,3142,6.989178866963718,14.84914067472947,1.959261616804583,4.617441120305537,3.6549968173138128,4.365372374283895,0.9853596435391471,3.3456397199236156,2.6581795035009548,1.042647994907702,0.21769573520050922,1.8676002546148949,2.4863144493952896,19.59261616804583,17.8,0.584,0.311,0.294,3.3,11.5,7.3,12.6,1.5,0.5,10.0,23.4,7.2,1.2,8.3,0.127,2.6,-1.2,1.4,39.77215189873418
Pooh Richardson,PG,63,61,2013,5.0253353204172875,11.874813710879284,1.6810730253353203,4.381520119225037,1.3949329359165425,1.8777943368107302,0.6259314456035767,2.1997019374068554,6.080476900149031,1.3770491803278688,0.23248882265275708,1.698956780923994,2.3964232488822654,13.126676602086437,14.5,0.517,0.369,0.158,2.1,7.5,4.7,25.9,2.0,0.5,11.8,17.8,3.0,0.8,3.8,0.091,0.9,-0.9,0.0,31.952380952380953
Mitch Richmond,SG,81,81,2946,7.4663951120162935,16.716904276985744,2.74949083503055,6.293279022403259,5.193482688391039,6.0,0.659877800407332,2.627291242362525,3.116089613034623,1.5274949083503055,0.23217922606924643,2.6883910386965377,2.8472505091649696,22.875763747454176,19.2,0.591,0.376,0.359,2.1,8.5,5.3,15.9,2.2,0.5,12.2,26.9,7.2,2.1,9.3,0.151,3.9,-0.4,3.5,36.370370370370374
Isaiah Rider,SG,75,68,2594,7.771781033153431,16.737085582112567,1.415574402467232,3.816499614494988,3.441788743253662,4.107941403238242,1.3739398612181957,2.9144178874325366,2.9560524286815726,0.6661526599845797,0.31919814957594445,2.7895142636854278,2.831148804934464,20.400925212027754,15.6,0.55,0.228,0.245,4.6,9.7,7.1,15.3,0.9,0.7,13.1,26.3,2.6,0.8,3.4,0.063,1.3,-2.2,-0.9,34.586666666666666
Alvin Robertson,SG,77,69,2478,4.14043583535109,8.818401937046005,0.5956416464891041,2.1937046004842617,1.5544794188861986,2.2953995157384988,1.5980629539951574,3.37046004842615,4.692493946731235,2.411622276029056,0.5230024213075061,2.6585956416464893,3.8934624697336564,10.430992736077481,12.7,0.531,0.249,0.26,5.3,11.2,8.2,19.7,3.5,1.1,21.3,15.3,0.9,1.9,2.8,0.054000000000000006,-1.9,1.2,-0.7,32.18181818181818
Clifford Robinson,SF,78,76,2980,6.680536912751678,15.77718120805369,2.1503355704697986,5.68993288590604,4.348993288590604,6.547651006711409,1.4859060402684563,3.8657718120805367,2.295302013422819,1.0389261744966443,0.8214765100671141,2.3436241610738255,2.995973154362416,19.86040268456376,16.3,0.532,0.361,0.415,4.7,12.2,8.5,10.9,1.5,1.7,11.2,25.6,3.9,4.2,8.0,0.13,1.7,0.4,2.1,38.205128205128204
David Robinson,C,82,82,3019,8.478304074196753,16.431931103014243,0.03577343491222259,0.10732030473666777,7.464723418350447,9.813845644253064,3.803908578999669,8.120569725074528,2.9453461411063264,1.3236170917522359,3.2315336204041074,2.2656508777740973,3.1242133156674394,24.457105001656178,29.4,0.589,0.006999999999999999,0.597,12.3,24.2,18.4,14.6,1.9,6.4,9.8,28.8,11.1,7.2,18.3,0.29,5.8,3.1,8.9,36.81707317073171
Glenn Robinson,SF,82,82,3249,6.947368421052632,15.313019390581717,0.997229916897507,2.914127423822715,3.5013850415512464,4.310249307479224,1.5069252077562327,4.077562326869806,3.2465373961218837,1.0526315789473684,0.46537396121883656,3.1246537396121883,2.6149584487534625,18.393351800554015,15.9,0.534,0.19,0.281,5.0,14.1,9.5,15.7,1.6,1.0,15.4,25.8,1.8,1.7,3.5,0.052000000000000005,1.2,-1.2,0.0,39.6219512195122
Dennis Rodman,PF,64,57,2088,2.5172413793103448,5.241379310344827,0.05172413793103448,0.46551724137931033,0.9655172413793103,1.8275862068965516,6.137931034482759,10.275862068965518,2.7586206896551726,0.6206896551724138,0.46551724137931033,2.3793103448275863,3.3793103448275863,6.051724137931035,13.6,0.501,0.08900000000000001,0.349,19.9,33.2,26.6,10.0,0.9,1.0,28.2,10.3,1.7,4.6,6.2,0.14300000000000002,-0.3,0.3,0.0,32.625
Rodney Rogers,SF,67,51,1950,5.64923076923077,11.833846153846155,0.9046153846153847,2.824615384615385,2.0861538461538465,3.3230769230769233,2.0861538461538465,3.1938461538461542,3.0830769230769235,1.3846153846153848,0.6461538461538462,2.658461538461539,3.987692307692308,14.289230769230771,13.5,0.537,0.239,0.281,6.8,10.9,8.8,13.5,2.0,1.3,16.7,19.8,1.1,1.2,2.3,0.057999999999999996,-0.6,-0.5,-1.1,29.104477611940297
Detlef Schrempf,SF,63,60,2200,5.8909090909090915,12.10909090909091,1.1945454545454546,2.929090909090909,4.696363636363636,6.054545454545455,1.1945454545454546,4.172727272727273,4.516363636363637,0.9163636363636365,0.13090909090909092,2.389090909090909,2.929090909090909,17.672727272727276,17.3,0.598,0.242,0.5,4.1,13.1,8.8,20.6,1.3,0.3,13.9,21.3,5.3,2.9,8.2,0.179,2.5,-0.1,2.5,34.92063492063492
Dennis Scott,SF,82,82,3041,5.812561657349556,13.22328181519237,3.1608023676422228,7.434396580072344,2.154554422887208,2.6280828674778034,0.7458073002301874,2.9121999342321603,2.876685300887866,1.0654390003288392,0.34330812232818153,1.4442617560013153,2.0006576783952648,16.94048010522854,16.1,0.589,0.562,0.19899999999999998,2.5,9.2,5.9,12.4,1.5,0.7,9.1,19.9,6.4,2.4,8.8,0.138,2.9,-0.6,2.3,37.08536585365854
Joe Smith,PF,82,82,2821,5.9851116625310175,13.067706487061326,0.12761432116270827,0.3573200992555831,3.8667139312300605,5.002481389578164,3.828429634881248,5.321517192484935,1.0081531371853953,1.0847217298830203,1.7100319035802907,1.761077632045374,2.858560794044665,15.964551577454804,17.2,0.523,0.027000000000000003,0.38299999999999995,12.1,17.2,14.6,4.6,1.5,3.4,10.3,20.6,4.1,2.7,6.8,0.11599999999999999,0.3,-1.0,-0.7,34.40243902439025
Steve Smith,SG,80,80,2856,6.226890756302521,14.407563025210084,1.7647058823529411,5.331932773109243,4.008403361344538,4.852941176470589,1.5630252100840336,2.5462184873949583,2.823529411764706,0.8571428571428572,0.2142857142857143,1.9033613445378152,2.6092436974789917,18.22689075630252,16.6,0.551,0.37,0.337,4.9,8.7,6.7,13.4,1.3,0.5,10.3,23.0,6.4,1.5,7.9,0.133,2.2,-1.3,1.0,35.7
Rik Smits,C,63,63,1901,8.824829037348763,16.93003682272488,0.01893740136770121,0.09468700683850605,4.37453971593898,5.548658600736454,2.253550762756444,5.94634402945818,2.083114150447133,0.3976854287217254,0.8521830615465544,3.0299842188321935,4.279852709100473,22.043135192004208,19.0,0.569,0.006,0.32799999999999996,8.1,20.0,14.2,11.4,0.6,1.9,13.5,28.6,2.9,2.1,5.0,0.127,1.0,-0.5,0.5,30.174603174603174
Latrell Sprewell,SG,78,78,3064,6.050913838120104,14.122715404699738,1.0691906005221932,3.31331592689295,4.135770234986945,5.240208877284595,1.4569190600522193,3.0078328981723237,3.8537859007832895,1.4921671018276763,0.5287206266318538,2.608355091383812,1.762402088772846,17.306788511749346,15.9,0.527,0.235,0.371,4.6,9.7,7.1,17.7,2.1,1.1,13.7,23.0,3.6,1.9,5.5,0.086,1.3,-0.6,0.7,39.282051282051285
Jerry Stackhouse,SG,72,71,2701,6.024435394298409,14.541281007034431,1.2395409107737876,3.891891891891892,5.158089596445761,6.904109589041096,1.1995557201036653,2.3324694557571273,3.7052943354313217,1.012958163643095,1.0529433543132174,3.358756016290263,2.38578304331729,18.446501295816365,14.8,0.525,0.268,0.475,3.7,7.7,5.7,19.0,1.5,2.1,16.0,26.0,0.8,0.4,1.2,0.021,0.7,-1.7,-1.0,37.513888888888886
John Starks,SG,81,71,2491,5.41951023685267,12.226415094339622,2.0666399036531513,5.7230028101164185,1.8932155760738658,2.5146527498996387,0.44801284624648735,2.9771176234444,4.5523885989562425,1.4885588117222,0.15897230028101164,2.2545162585307104,3.2661581694098754,14.798875953432356,14.2,0.555,0.46799999999999997,0.20600000000000002,1.5,9.5,5.6,20.8,2.2,0.3,14.5,20.2,2.3,3.4,5.7,0.11,0.2,0.8,1.0,30.753086419753085
Bryant Stith,SG,82,77,2810,4.855516014234875,11.6711743772242,0.5252669039145907,1.896085409252669,4.099644128113879,4.855516014234875,1.601423487544484,3.5231316725978647,3.087544483985765,1.4604982206405694,0.20498220640569395,2.0113879003558717,2.395729537366548,14.33594306049822,13.9,0.519,0.162,0.41600000000000004,5.1,11.3,8.2,13.8,2.1,0.4,12.7,19.6,2.7,2.5,5.2,0.08900000000000001,-0.8,0.2,-0.6,34.26829268292683
John Stockton,PG,82,82,2915,5.433962264150943,10.102229845626072,1.1732418524871355,2.778730703259005,2.8898799313893653,3.4826758147512864,0.6668953687821612,2.1241852487135504,11.312521440823327,1.7289879931389365,0.18524871355060032,3.0380789022298456,2.5564322469982845,14.931046312178387,21.9,0.642,0.275,0.345,2.3,7.1,4.8,49.1,2.6,0.4,20.7,18.7,10.1,2.9,13.0,0.214,6.0,0.7,6.8,35.548780487804876
Damon Stoudamire,PG,70,70,2865,6.043979057591623,14.186387434554975,1.6712041884816755,4.234554973821989,2.9654450261780108,3.7193717277486913,0.7413612565445027,2.7895287958115182,8.205235602094241,1.2314136125654451,0.2387434554973822,3.354973821989529,2.08586387434555,16.724607329842932,16.7,0.528,0.298,0.262,2.4,9.3,5.8,37.4,1.8,0.5,17.5,23.5,3.7,0.6,4.3,0.07200000000000001,2.5,-2.4,0.1,40.92857142857143
Rod Strickland,PG,67,63,2526,6.712589073634205,14.57957244655582,0.5415676959619953,1.5819477434679337,3.933491686460808,6.028503562945368,1.2684085510688836,2.96437054631829,9.121140142517815,1.3824228028503565,0.22802850356294538,3.634204275534442,1.9239904988123517,17.90023752969121,19.1,0.519,0.109,0.413,4.0,9.3,6.7,43.4,2.0,0.5,17.4,25.4,3.8,3.3,7.1,0.136,2.9,0.3,3.1,37.701492537313435
Otis Thorpe,PF,82,82,2841,5.727560718057022,10.808870116156283,0.0,0.050686378035902854,3.2565997888067586,4.5871172122492085,2.6737064413938754,6.0443505807814155,2.002111932418163,0.6715945089757128,0.4941921858500528,2.470960929250264,3.801478352692714,14.711721224920803,15.7,0.573,0.005,0.424,9.3,19.6,14.6,10.1,1.0,1.1,16.2,20.3,3.5,4.1,7.6,0.128,-0.4,0.1,-0.4,34.646341463414636
Nick Van Exel,PG,74,74,2513,5.672900915240748,13.609231993633108,2.062873060087545,5.773179466772781,2.335057699960207,2.922403501790688,0.41543971348985276,2.1774771189812974,7.291683247115002,1.0027855153203342,0.14325507361719061,2.2347791484281734,1.647433346597692,15.743732590529248,15.9,0.528,0.424,0.215,1.4,6.9,4.2,30.7,1.4,0.3,13.0,21.4,4.2,1.6,5.7,0.109,2.3,-1.8,0.6,33.95945945945946
Loy Vaught,PF,80,78,2966,6.93054619015509,13.193526635198921,0.08496291301416048,0.2306136210384356,1.808496291301416,2.4881995954147,2.476062036412677,7.331085637221848,1.3594066082265677,1.0559676331759946,0.4855023600809171,1.9177343223196224,2.925151719487525,15.754551584625759,16.7,0.551,0.017,0.18899999999999997,8.1,24.9,16.4,6.3,1.5,1.0,11.8,20.1,3.4,2.9,6.3,0.102,0.1,-1.0,-0.9,37.075
Clarence Weatherspoon,SF,78,75,3096,5.709302325581395,11.80232558139535,0.0,0.023255813953488372,3.697674418604651,4.953488372093023,2.755813953488372,6.0,1.8372093023255813,1.302325581395349,1.255813953488372,2.0813953488372094,2.488372093023256,15.116279069767442,17.1,0.541,0.002,0.42,8.6,19.8,14.0,9.3,1.9,2.6,13.0,19.9,3.4,2.4,5.8,0.08900000000000001,0.1,-0.3,-0.2,39.69230769230769
Chris Webber,PF,15,15,558,9.67741935483871,17.806451612903224,0.967741935483871,2.193548387096774,2.6451612903225805,4.451612903225806,2.3870967741935485,4.967741935483871,4.838709677419355,1.7419354838709677,0.5806451612903225,3.161290322580645,3.290322580645161,22.967741935483872,23.6,0.581,0.12300000000000001,0.25,8.0,15.9,12.0,24.9,2.5,1.2,13.8,28.5,1.2,0.7,1.9,0.165,5.1,0.6,5.7,37.2
Herb Williams,C,1,0,31,3.483870967741936,9.290322580645162,0.0,0.0,0.0,0.0,1.1612903225806452,8.129032258064516,0.0,1.1612903225806452,2.3225806451612905,0.0,4.645161290322581,6.967741935483872,8.7,0.375,0.0,0.0,3.8,27.0,15.4,0.0,1.7,4.9,0.0,11.4,0.0,0.0,0.0,0.033,-5.2,-1.3,-6.5,31.0
Walt Williams,SF,45,45,1381,6.125995655322231,14.076755973931935,1.5119478638667632,4.43157132512672,3.3888486603910213,4.483707458363505,1.6162201303403332,3.7798696596669084,4.301230992034758,1.3816075307748008,1.0948587979724838,2.6850108616944244,3.936278059377263,17.152787834902245,16.2,0.534,0.315,0.319,5.2,12.2,8.7,20.5,2.0,2.3,14.3,22.9,1.6,1.3,2.9,0.10099999999999999,1.5,0.3,1.9,30.68888888888889
Kevin Willis,PF,47,42,1357,5.173176123802505,10.929992630803241,0.0,0.13264554163596168,2.361090641120118,3.316138540899042,3.554900515843773,7.587324981577008,0.9019896831245394,0.5040530582166544,0.6632277081798084,2.6263817243920413,4.1915991156963885,12.707442888725128,12.1,0.513,0.012,0.303,11.8,24.0,18.0,4.2,0.7,1.4,17.5,19.0,-0.1,2.3,2.1,0.076,-2.8,-0.6,-3.4,28.872340425531913
