name,positions,games_played_x,games_started,minutes_played_x,made_field_goals,attempted_field_goals,made_three_point_field_goals,attempted_three_point_field_goals,made_free_throws,attempted_free_throws,offensive_rebounds,defensive_rebounds,assists,steals,blocks,turnovers,personal_fouls,points,player_efficiency_rating,true_shooting_percentage,three_point_attempt_rate,free_throw_attempt_rate,offensive_rebound_percentage,defensive_rebound_percentage,total_rebound_percentage,assist_percentage,steal_percentage,block_percentage,turnover_percentage,usage_percentage,offensive_win_shares,defensive_win_shares,win_shares,win_shares_per_48_minutes,offensive_box_plus_minus,defensive_box_plus_minus,box_plus_minus,MPG
Shareef Abdur-Rahim,SMALL FORWARD,81,81,3241,6.709040419623572,14.21783400185128,0.13329219376735574,0.710891700092564,4.920703486578216,5.898179574205492,1.9438444924406046,6.2203023758099345,2.776920703486578,0.9996914532551681,0.855291576673866,2.5658747300215983,2.6436285097192225,18.47207651959272,19.1,0.5489999999999999,0.05,0.415,6.2,19.6,13.0,14.3,1.5,1.6,13.2,24.6,5.6,2.9,8.5,0.126,1.7,0.1,1.8,40.01234567901235
Courtney Alexander,POINT GUARD,27,18,910,7.002197802197802,15.626373626373626,0.5538461538461539,1.424175824175824,3.5604395604395602,4.153846153846153,0.8703296703296703,2.2945054945054943,1.621978021978022,1.1472527472527472,0.07912087912087912,2.1362637362637362,2.4923076923076923,18.11868131868132,6.8,0.40399999999999997,0.055999999999999994,0.253,4.9,9.9,7.5,6.9,1.7,0.5,9.6,21.1,-0.5,0.4,-0.1,-0.013000000000000001,-5.5,-0.8,-6.2,33.7037037037037
Ray Allen,SHOOTING GUARD,82,82,3129,7.225311601150527,15.060402684563758,2.324065196548418,5.372962607861937,4.003835091083413,4.510067114093959,1.162032598274209,3.7622243528283796,4.302972195589645,1.426653883029722,0.23010546500479387,2.3470757430488973,2.209012464046021,20.778523489932887,22.9,0.61,0.35700000000000004,0.299,3.7,11.8,7.8,20.4,2.1,0.5,12.1,24.4,11.5,2.2,13.7,0.21100000000000002,5.7,-0.3,5.5,38.15853658536585
Derek Anderson,SHOOTING GUARD,82,82,2859,5.2004197271773345,12.50367261280168,1.2717733473242392,3.185729275970619,4.306400839454355,5.061909758656873,0.944386149003148,3.626442812172088,3.7901364113326337,1.5110178384050368,0.17628541448058763,2.0776495278069254,2.3672612801678907,15.979013641133264,17.1,0.542,0.255,0.405,3.1,10.9,7.2,18.1,2.2,0.3,12.4,21.9,5.6,4.3,9.9,0.166,1.2,1.2,2.4,34.86585365853659
Shandon Anderson,SHOOTING GUARD,82,82,2396,3.951585976627713,8.864774624373958,0.6911519198664441,2.5542570951585977,2.0734557595993324,2.8247078464106847,1.0818030050083474,3.921535893155259,2.8397328881469117,1.2320534223706177,0.6010016694490818,1.968280467445743,3.0350584307178634,10.667779632721203,11.9,0.528,0.28800000000000003,0.319,3.6,12.3,8.0,12.5,1.8,1.2,16.3,15.4,1.9,2.0,3.9,0.078,-1.1,0.7,-0.4,29.21951219512195
Darrell Armstrong,POINT GUARD,75,75,2767,5.373328514636791,13.036501626310082,1.8604987350921576,5.2432237079869894,2.862305746295627,3.2396096855800507,1.2229851825081315,3.2396096855800507,6.817491868449585,1.7564148897723166,0.16913624864474158,2.6020961329960244,2.016624503071919,15.469461510661366,18.6,0.535,0.402,0.249,3.7,10.2,6.9,31.3,2.5,0.3,15.2,21.0,5.8,2.9,8.7,0.151,3.2,0.1,3.3,36.89333333333333
Chucky Atkins,POINT GUARD,81,75,2363,5.789250952179433,14.503597122302157,1.8434193821413456,5.1646212441811254,1.3711383834109183,1.9805332204824375,0.4265763859500635,2.2090562843842574,5.0275074058400335,1.0207363520947947,0.0761743546339399,2.2699957680914093,2.8032162505289886,14.793059669911129,12.2,0.48100000000000004,0.35600000000000004,0.13699999999999998,1.2,6.7,3.9,24.3,1.4,0.1,12.9,21.2,1.2,1.6,2.8,0.057,-0.6,-1.0,-1.6,29.17283950617284
Travis Best,POINT GUARD,77,21,2457,5.084249084249084,11.545787545787546,0.5421245421245421,1.4212454212454213,2.73992673992674,3.311355311355311,0.5567765567765568,2.695970695970696,6.930402930402931,1.6117216117216118,0.16117216117216118,1.8608058608058609,3.6043956043956045,13.45054945054945,16.7,0.517,0.12300000000000001,0.287,1.8,8.2,5.1,34.0,2.4,0.3,12.5,19.3,4.8,2.3,7.2,0.14,0.8,0.6,1.4,31.90909090909091
Mike Bibby,POINT GUARD,82,82,3190,5.924764890282131,13.057053291536048,1.218808777429467,3.216300940438871,1.6137931034482758,2.121630094043887,0.5304075235109718,2.9003134796238244,7.730407523510971,1.2075235109717868,0.135423197492163,2.798746081504702,1.670219435736677,14.682131661442005,16.8,0.525,0.24600000000000002,0.162,1.7,9.2,5.5,38.3,1.8,0.3,16.7,21.3,4.0,1.4,5.3,0.081,2.0,-1.2,0.7,38.90243902439025
Mookie Blaylock,POINT GUARD,69,59,2352,4.8520408163265305,12.260204081632653,1.1173469387755102,3.443877551020408,0.8112244897959183,1.163265306122449,1.086734693877551,3.076530612244898,7.071428571428571,2.4948979591836733,0.30612244897959184,1.9591836734693877,2.0510204081632653,11.63265306122449,15.8,0.455,0.281,0.095,3.0,9.9,6.1,32.3,3.5,0.6,13.3,17.3,1.9,1.6,3.5,0.071,0.2,1.0,1.2,34.08695652173913
Bruce Bowen,SMALL FORWARD,82,72,2685,2.829050279329609,7.789944134078212,1.3810055865921786,4.116201117318436,1.3139664804469273,2.158659217877095,0.6033519553072626,2.6815642458100557,1.7698324022346368,1.1128491620111731,0.7106145251396648,0.9921787709497206,3.606703910614525,8.353072625698324,8.1,0.478,0.528,0.27699999999999997,2.0,8.8,5.4,8.2,1.7,1.5,10.2,13.1,0.5,3.7,4.2,0.075,-2.6,1.5,-1.1,32.74390243902439
Elton Brand,POWER FORWARD,74,74,2906,7.160357880247764,15.051617343427393,0.0,0.02477632484514797,4.137646249139711,5.847212663454921,3.530626290433586,5.710942876806607,2.9731589814177566,0.8795595320027529,1.4618031658637303,2.7130075705437027,3.0103234686854785,18.458362009635238,20.4,0.524,0.002,0.38799999999999996,11.2,19.6,15.2,17.0,1.3,3.0,13.3,26.3,4.1,2.0,6.1,0.10099999999999999,2.2,-1.2,1.1,39.270270270270274
Terrell Brandon,POINT GUARD,78,78,2821,6.521091811414392,14.471464019851117,0.4211272598369373,1.1612903225806452,2.488479262672811,2.858560794044665,0.7656859269762496,3.0372208436724564,7.439914923785891,2.054590570719603,0.2679900744416873,1.978021978021978,1.761077632045374,15.951790145338533,20.0,0.507,0.08,0.198,2.4,9.7,6.0,33.7,3.0,0.5,11.2,22.2,5.8,2.7,8.5,0.145,2.6,0.5,3.1,36.166666666666664
P.J. Brown,CENTER,80,79,2811,3.188900747065101,7.184631803628602,0.0,0.051227321237993596,2.279615795090715,2.6766275346851653,3.2913553895410885,6.211312700106723,1.6264674493062967,0.9989327641408752,1.1782283884738527,1.3831376734258272,3.3297758804695836,8.657417289220918,13.3,0.518,0.006999999999999999,0.373,10.5,19.6,15.1,7.3,1.5,2.4,14.2,12.5,3.4,4.7,8.0,0.13699999999999998,-1.3,0.9,-0.4,35.1375
Kobe Bryant,SHOOTING GUARD,68,68,2783,9.06791232482932,19.53287818900467,0.7890765361121093,2.5871361839741285,6.144448436938555,7.205174272367948,1.3453108156665468,3.81602587136184,4.3722601509162775,1.4746676248652533,0.5562342795544376,2.8458498023715415,2.8717211642112828,25.069349622709307,24.5,0.552,0.132,0.369,4.3,11.8,8.1,23.0,2.1,1.1,11.1,31.8,9.2,2.2,11.3,0.196,5.1,-0.3,4.8,40.9264705882353
Marcus Camby,CENTER,63,63,2127,5.145275035260932,9.816643159379408,0.01692524682651622,0.13540197461212977,2.538787023977433,3.80818053596615,3.3173483779971793,8.91960507757405,0.8801128349788435,1.1170662905500706,2.301833568406206,1.066290550070522,3.4696755994358255,12.846262341325811,20.9,0.5589999999999999,0.013999999999999999,0.38799999999999996,11.5,29.0,20.5,4.5,1.7,5.2,8.5,17.0,4.8,5.5,10.3,0.233,2.0,2.5,4.6,33.76190476190476
Elden Campbell,POWER FORWARD,78,78,2337,5.653401797175866,12.847240051347882,0.0,0.09242618741976893,4.436456996148909,6.2541720154043645,2.418485237483954,6.947368421052632,1.602053915275995,0.9242618741976893,2.1566110397946088,2.2182284980744544,4.3132220795892176,15.743260590500643,16.4,0.505,0.006999999999999999,0.48700000000000004,7.7,21.9,14.8,8.1,1.4,4.4,12.4,22.8,1.9,4.5,6.4,0.131,-1.4,1.2,-0.3,29.96153846153846
Vince Carter,SMALL FORWARD,75,75,2979,9.208459214501511,20.012084592145015,1.957703927492447,4.7975830815709966,4.640483383685801,6.066465256797583,2.1268882175226587,2.900302114803625,3.516616314199396,1.3776435045317221,0.9909365558912386,2.0181268882175227,2.4773413897280965,25.01510574018127,25.0,0.551,0.24,0.303,6.5,9.3,7.9,19.2,2.0,1.9,8.2,30.7,10.3,2.6,12.9,0.20800000000000002,7.6,0.1,7.6,39.72
Sam Cassell,POINT GUARD,76,75,2709,7.136212624584718,15.043189368770765,0.39867109634551495,1.302325581395349,3.681063122923588,4.292358803986711,0.6112956810631229,3.2425249169435215,7.707641196013289,1.169435215946844,0.10631229235880399,2.9235880398671097,2.8438538205980066,18.35215946843854,20.1,0.542,0.087,0.285,1.9,10.1,6.1,36.4,1.7,0.2,14.7,24.9,7.0,1.4,8.5,0.15,2.5,-1.5,1.1,35.64473684210526
Doug Christie,SHOOTING GUARD,81,81,2939,3.8094589996597485,9.652262674379042,1.151412044913236,3.062266076896904,3.4297380061245324,3.821708063967336,1.1636611092208236,3.18475671997278,3.539979584892821,2.2415787682885338,0.5512078938414428,1.886355903368493,2.743790404899626,12.200068050357265,14.8,0.5379999999999999,0.317,0.396,3.6,9.3,6.5,14.6,3.2,1.0,14.3,16.2,4.3,4.4,8.7,0.141,0.0,2.3,2.3,36.28395061728395
Antonio Davis,CENTER,78,77,2729,4.946866984243313,11.423964822279222,0.0,0.0131916452913155,4.208134847929644,5.580065958226457,3.614510809820447,6.767314034444851,1.398314400879443,0.290216196408941,1.9919384389886405,1.7808721143275925,3.034078417002565,14.10186881641627,16.5,0.508,0.001,0.488,11.0,21.7,16.2,6.2,0.4,3.9,11.4,19.5,4.2,3.1,7.2,0.127,-0.3,-0.8,-1.1,34.98717948717949
Baron Davis,POINT GUARD,82,82,3192,4.612781954887218,10.793233082706767,0.9586466165413533,3.090225563909774,2.571428571428571,3.800751879699248,1.4548872180451127,3.1466165413533833,6.744360902255639,1.9172932330827066,0.40601503759398494,2.5488721804511276,3.0112781954887216,12.75563909774436,16.6,0.512,0.28600000000000003,0.35200000000000004,4.6,9.9,7.3,32.5,2.9,0.8,17.0,19.2,4.2,4.7,8.9,0.134,1.0,1.4,2.4,38.926829268292686
Hubert Davis,POINT GUARD,15,11,431,4.761020881670533,9.93967517401392,1.6705336426914152,3.174013921113689,1.5870069605568444,1.754060324825986,0.8352668213457076,1.6705336426914152,4.092807424593968,0.5011600928074246,0.0,2.088167053364269,2.422273781902552,12.779582366589327,9.1,0.5589999999999999,0.424,0.131,1.6,7.9,4.8,7.2,1.2,0.1,14.4,14.0,0.8,0.7,1.5,0.057999999999999996,-1.1,-0.6,-1.7,28.733333333333334
Michael Dickerson,SHOOTING GUARD,70,69,2618,5.8441558441558445,14.025974025974026,1.1825821237585943,3.1627196333078684,2.8326967150496563,3.712757830404889,0.9625668449197861,2.186401833460657,3.2039724980901454,0.852559205500382,0.3712757830404889,2.2276546982429335,2.8464476699770818,15.703590527119939,12.4,0.501,0.225,0.265,3.1,6.9,5.0,15.8,1.2,0.7,12.5,22.7,1.2,0.7,1.8,0.034,-0.7,-1.5,-2.2,37.4
Vlade Divac,CENTER,81,81,2420,5.414876033057851,11.231404958677686,0.05950413223140496,0.20826446280991737,3.6,5.206611570247934,3.0793388429752064,6.932231404958678,3.4363636363636365,1.2942148760330578,1.3834710743801653,2.856198347107438,3.6,14.489256198347107,17.7,0.536,0.019,0.46399999999999997,9.5,20.2,15.0,15.2,1.8,2.6,17.4,20.1,3.1,4.3,7.4,0.147,0.3,1.6,1.9,29.876543209876544
Tim Duncan,POWER FORWARD,82,82,3174,7.962192816635161,15.947069943289225,0.07939508506616258,0.3062381852551985,4.638941398865785,7.5085066162570895,2.937618147448015,8.370510396975426,2.7788279773156903,0.7939508506616257,2.177693761814745,2.7448015122873346,2.8015122873345937,20.64272211720227,23.8,0.536,0.019,0.47100000000000003,9.7,25.1,17.8,15.3,1.2,4.2,12.5,28.7,6.2,7.1,13.2,0.2,2.9,1.8,4.7,38.707317073170735
Howard Eisley,SHOOTING GUARD,82,40,2426,3.93239901071723,10.016488046166529,1.5877988458367684,3.9917559769167354,1.5432811211871393,1.8697444352844188,0.34130255564715584,2.582028029678483,4.37757625721352,1.4690849134377577,0.17807089859851608,1.5136026380873866,3.2349546578730424,10.995877988458368,11.7,0.507,0.39899999999999997,0.187,1.1,7.8,4.5,18.2,2.1,0.4,12.3,15.6,2.4,2.0,4.4,0.087,-0.5,0.6,0.0,29.585365853658537
Michael Finley,SMALL FORWARD,82,82,3443,7.434214347952367,16.22770839384258,0.9514957885564914,2.7499273889050246,2.63491141446413,3.398199244844612,1.1397037467325006,3.3040952657566076,3.7641591635201856,1.2338077258205054,0.33459192564623874,1.9866395585245424,1.8193435957014232,18.454835898925356,18.2,0.521,0.16899999999999998,0.209,3.6,10.0,6.9,18.3,1.8,0.7,10.1,24.9,5.6,2.9,8.5,0.11900000000000001,2.4,-0.5,1.9,41.98780487804878
Derek Fisher,POINT GUARD,20,20,709,3.9097320169252465,9.4950634696756,1.2693935119887165,3.1988716502115655,2.538787023977433,3.148095909732017,0.2538787023977433,2.7418899858956274,4.417489421720733,1.9802538787023976,0.10155148095909731,1.472496473906911,2.538787023977433,11.627644569816642,14.0,0.534,0.337,0.332,0.8,8.5,4.7,18.3,2.9,0.2,11.9,15.4,1.2,0.5,1.8,0.11900000000000001,-0.6,0.8,0.2,35.45
Danny Fortson,POWER FORWARD,6,6,203,5.142857142857143,8.866995073891626,0.0,0.0,7.448275862068966,9.576354679802956,5.142857142857143,12.236453201970443,0.8866995073891626,0.35467980295566504,0.0,1.7733990147783252,3.9014778325123154,17.733990147783253,24.4,0.6779999999999999,0.0,1.08,14.0,39.3,25.6,4.1,0.5,0.0,11.9,17.4,0.9,0.2,1.1,0.258,4.4,-1.4,3.0,33.833333333333336
Steve Francis,POINT GUARD,80,79,3194,6.1991233562930494,13.739511584220413,1.49906073888541,3.7871008140262994,4.035065748278021,4.936756418284283,2.1415153412648715,4.0914214151534125,5.827175954915466,1.5892298058860364,0.3494051346274264,2.9868503443957417,3.0882905447714464,17.93237319974953,21.6,0.563,0.276,0.359,7.1,12.8,10.0,28.4,2.3,0.7,15.8,24.2,9.2,3.0,12.2,0.184,4.5,0.5,5.0,39.925
Kevin Garnett,POWER FORWARD,81,81,3202,7.915053091817613,16.583385384134914,0.21361648969394129,0.7420362273579013,4.013741411617739,5.25046845721424,2.462211118051218,7.8925671455340405,4.508432229856339,1.2479700187382885,1.6302311055590255,2.5858838226108682,2.293566520924422,20.057464084946908,23.9,0.531,0.045,0.317,7.7,25.3,16.4,21.8,1.8,3.2,12.0,27.0,7.0,4.8,11.8,0.17600000000000002,4.5,1.4,6.0,39.53086419753087
Kendall Gill,SHOOTING GUARD,31,26,892,4.318385650224215,13.035874439461884,0.16143497757847533,0.5650224215246636,2.623318385650224,3.632286995515695,1.2914798206278026,3.9955156950672643,3.5112107623318383,1.8968609865470851,0.2825112107623318,1.9372197309417039,2.5829596412556053,11.421524663677129,10.1,0.39,0.043,0.27899999999999997,4.0,13.1,8.4,16.7,2.8,0.6,11.7,20.9,-1.1,0.8,-0.4,-0.021,-3.0,0.3,-2.7,28.774193548387096
Brian Grant,CENTER,82,79,2771,6.28798267773367,13.121616744857452,0.0,0.012991699747383616,3.6636593287621797,4.5990617105738,2.8191988451822447,6.508841573439192,1.3121616744857452,0.7795019848430169,0.9224106820642367,2.208588957055215,3.8065680259833994,16.23962468422952,17.5,0.536,0.001,0.35,9.3,21.5,15.4,7.2,1.2,2.0,12.7,23.4,3.7,5.0,8.7,0.151,-0.3,0.3,0.0,33.792682926829265
Horace Grant,POWER FORWARD,77,77,2390,3.9615062761506277,8.57071129707113,0.0,0.04518828451882845,1.9732217573221758,2.5456066945606692,3.313807531380753,4.895397489539749,1.8225941422594143,0.7682008368200837,0.9188284518828451,0.7230125523012552,2.7263598326359832,9.89623430962343,14.3,0.511,0.005,0.297,10.5,15.2,12.9,7.5,1.1,1.8,6.9,12.9,4.8,1.7,6.5,0.13,0.6,-0.6,0.0,31.038961038961038
Richard Hamilton,SMALL FORWARD,78,42,2519,7.817387852322351,17.849940452560542,0.5716554188169909,2.0865422786820167,3.958713775307662,4.558951965065503,1.0718539102818578,2.329495831679238,3.201270345375149,1.0718539102818578,0.14291385470424772,2.872568479555379,2.9011512504962287,20.165144898769352,15.7,0.508,0.11699999999999999,0.255,3.4,7.7,5.5,17.7,1.5,0.3,12.6,28.1,2.3,0.1,2.4,0.046,0.4,-2.6,-2.2,32.294871794871796
Tim Hardaway,POINT GUARD,77,77,2613,5.621125143513203,14.355912743972445,2.6039035591274398,7.122847301951779,1.9977037887485647,2.4936854190585533,0.3582089552238806,2.452353616532721,6.654420206659013,1.2399540757749712,0.08266360505166476,2.6039035591274398,2.1354764638346726,15.84385763490241,16.7,0.513,0.496,0.174,1.2,8.1,4.6,35.5,1.9,0.2,14.4,24.3,3.1,3.3,6.4,0.11800000000000001,2.8,-0.5,2.4,33.935064935064936
Matt Harpring,SHOOTING GUARD,56,55,1615,5.305263157894737,11.680495356037152,0.2897832817337461,1.1591331269349845,2.986996904024768,3.6780185758513935,2.0061919504643964,3.3882352941176475,2.2736842105263158,0.9362229102167183,0.37894736842105264,2.0061919504643964,3.588854489164087,13.887306501547988,13.3,0.522,0.099,0.315,6.5,10.9,8.7,10.9,1.4,0.8,13.1,19.2,1.8,0.8,2.6,0.077,-0.4,-1.0,-1.3,28.839285714285715
Othella Harrington,CENTER,44,40,1267,5.114443567482241,10.967640094711918,0.0,0.08524072612470403,3.409629044988161,4.375690607734807,2.898184688239937,5.3133385951065515,1.0228887134964484,0.5398579321231255,0.7387529597474349,2.9550118389897397,3.8642462509865827,13.638516179952644,11.7,0.529,0.008,0.39899999999999997,9.3,16.8,13.1,4.9,0.8,1.4,18.6,20.1,0.1,0.8,0.9,0.035,-2.7,-1.3,-4.0,28.795454545454547
Grant Hill,SMALL FORWARD,4,4,133,5.142857142857142,11.639097744360901,0.2706766917293233,0.2706766917293233,4.330827067669173,7.037593984962406,2.1654135338345863,4.601503759398496,6.7669172932330826,1.3533834586466165,0.5413533834586466,2.977443609022556,2.43609022556391,14.887218045112782,18.1,0.505,0.023,0.605,6.5,14.5,10.4,30.7,1.9,1.1,16.8,21.8,0.2,0.2,0.3,0.126,3.3,2.0,5.2,33.25
Tyrone Hill,POWER FORWARD,76,75,2363,4.235294117647059,8.942869234024545,0.0,0.01523487092678798,2.6203977994075327,4.159119763013119,3.641134151502327,6.825222175201016,0.7312738044858231,0.5636902242911553,0.4113415150232755,1.9348286077020735,3.686838764282691,11.09098603470165,12.4,0.515,0.002,0.465,11.7,21.0,16.4,3.3,0.8,0.8,15.2,16.0,2.0,3.5,5.5,0.111,-1.7,-0.8,-2.4,31.092105263157894
Fred Hoiberg,SHOOTING GUARD,74,37,2247,3.476635514018692,7.930574098798399,1.650200267022697,4.005340453938585,2.1789052069425905,2.5153538050734316,0.33644859813084116,4.598130841121495,4.213618157543391,1.5700934579439254,0.1922563417890521,1.185580774365821,2.4833110814419226,10.782376502002672,15.3,0.597,0.505,0.317,1.1,15.8,8.1,19.9,2.3,0.4,11.6,13.2,4.6,1.3,5.9,0.126,0.8,0.4,1.2,30.364864864864863
Allan Houston,SHOOTING GUARD,78,78,2858,6.827151854443667,15.216235129461161,1.2092372288313507,3.1742477256822954,3.514345696291113,3.86703988803359,0.25192442267319803,3.3128061581525543,2.179146256123163,0.655003498950315,0.12596221133659902,2.0279916025192444,2.3932820153953815,18.377886634009798,16.1,0.5429999999999999,0.209,0.254,0.9,10.8,6.0,12.0,1.0,0.3,10.7,25.7,4.1,3.5,7.5,0.126,1.3,-0.1,1.1,36.64102564102564
Juwan Howard,POWER FORWARD,54,54,1981,7.123674911660777,15.028773346794548,0.0,0.0,3.580010095911156,4.652195860676426,2.198889449772842,4.688541140837961,2.7985865724381624,0.8359414437152953,0.38162544169611307,3.071176173649672,3.3801110550227156,17.82735991923271,15.8,0.522,0.0,0.31,7.0,15.5,11.2,14.9,1.2,0.8,15.2,24.9,1.6,0.6,2.2,0.053,0.2,-1.7,-1.5,36.68518518518518
Larry Hughes,SHOOTING GUARD,50,45,1846,6.006500541711809,15.6988082340195,0.27302275189599134,1.4626218851570965,3.763813651137595,4.914409534127844,1.4821235102925243,3.9003250270855903,4.348862405200434,1.8721560130010833,0.5655471289274105,2.9642470205850486,2.866738894907909,16.049837486457204,13.9,0.449,0.09300000000000001,0.313,4.0,12.5,7.9,21.0,2.7,1.1,14.2,24.4,-0.4,1.1,0.6,0.017,-1.2,-0.2,-1.4,36.92
Allen Iverson,SHOOTING GUARD,71,71,2979,9.208459214501511,21.909365558912388,1.1842900302114803,3.697885196374622,7.069486404833837,8.688821752265861,0.6042296072507553,2.694864048338369,3.9274924471299095,2.1510574018126887,0.2416918429003021,2.86404833836858,1.7764350453172206,26.67069486404834,24.0,0.518,0.16899999999999998,0.397,1.9,8.3,5.2,23.0,3.2,0.5,10.0,35.9,7.3,4.5,11.8,0.19,5.0,1.1,6.1,41.95774647887324
Jim Jackson,SMALL FORWARD,17,14,550,5.04,14.203636363636365,1.0472727272727274,2.4872727272727273,4.778181818181818,5.563636363636364,1.1127272727272728,4.058181818181819,3.272727272727273,1.2436363636363637,0.26181818181818184,3.141818181818182,2.7490909090909095,15.905454545454546,12.7,0.478,0.175,0.392,3.4,12.6,8.0,15.4,1.8,0.5,15.9,24.6,-0.1,0.4,0.4,0.031,-0.6,-1.3,-1.9,32.35294117647059
Marc Jackson,CENTER,48,35,1410,6.051063829787234,12.970212765957447,0.1276595744680851,0.5872340425531914,3.931914893617021,4.902127659574468,3.0382978723404253,6.178723404255319,1.5063829787234042,0.8680851063829786,0.6893617021276596,2.374468085106383,3.5234042553191487,16.161702127659574,16.1,0.534,0.045,0.37799999999999995,8.3,19.8,13.6,7.3,1.2,1.4,13.6,20.5,1.9,0.7,2.6,0.08900000000000001,-0.2,-1.4,-1.6,29.375
Mark Jackson,POINT GUARD,54,54,1802,3.3962264150943398,8.051054384017759,1.1387347391786904,3.296337402885683,1.2785793562708103,1.5183129855715873,0.8390677025527192,2.8568257491675917,9.948945615982243,1.258601553829079,0.13984461709211987,2.3374028856825753,1.658157602663707,9.209766925638181,16.3,0.528,0.409,0.18899999999999997,2.6,9.2,5.8,41.3,1.8,0.3,21.1,13.7,3.5,1.2,4.7,0.125,2.3,-0.6,1.8,33.370370370370374
Antawn Jamison,SMALL FORWARD,82,82,3394,8.485562757807896,19.219799646434886,0.657631113730112,2.1744254566882733,4.05185621685327,5.664113140836771,2.9699469652327637,4.614024749558044,1.7395403653506187,1.2091926929876253,0.29699469652327637,2.110783736004714,2.386564525633471,21.680612846199175,19.0,0.499,0.113,0.295,8.1,14.8,11.2,9.5,1.7,0.6,8.9,27.9,5.4,1.3,6.7,0.094,2.8,-2.0,0.8,41.390243902439025
Larry Johnson,POWER FORWARD,65,65,2105,4.207125890736342,10.2270783847981,0.872209026128266,2.7876484560570067,1.744418052256532,2.1890736342042754,1.539192399049881,4.668883610451306,2.1719714964370547,0.6669833729216151,0.49596199524940615,1.6589073634204274,3.5743467933491684,11.03087885985748,11.2,0.493,0.273,0.214,5.3,15.2,10.4,10.5,1.0,1.1,12.9,17.4,1.0,3.1,4.1,0.09300000000000001,-1.0,0.9,-0.1,32.38461538461539
Eddie Jones,SHOOTING GUARD,63,58,2282,6.120946538124452,13.740578439964942,1.4198071866783522,3.7546012269938647,3.596844872918492,4.259421560035056,1.1831726555652935,3.4233128834355826,2.697633654688869,1.735319894829097,0.9149868536371603,2.129710780017528,2.8869412795793163,17.258545135845747,18.8,0.5529999999999999,0.273,0.31,3.9,11.3,7.6,14.8,2.7,2.0,12.0,23.9,3.9,4.0,7.9,0.166,2.5,2.1,4.6,36.22222222222222
Jason Kidd,POINT GUARD,77,76,3065,5.297226753670473,12.884828711256118,0.8104404567699837,2.7249592169657424,3.8525285481239804,4.733442088091354,1.06884176182708,4.733442088091354,8.844371941272431,1.9497553017944536,0.2701468189233279,3.3592169657422515,2.008482871125612,15.25742251223491,19.4,0.51,0.21100000000000002,0.36700000000000005,3.3,15.2,9.1,41.2,2.8,0.5,18.3,22.7,4.2,5.4,9.6,0.15,2.4,1.7,4.2,39.8051948051948
Brevin Knight,POINT GUARD,47,43,1364,3.6158357771260996,9.395894428152493,0.026392961876832845,0.26392961876832843,1.2932551319648093,1.5835777126099708,0.5806451612903226,3.6686217008797657,7.548387096774194,2.5073313782991202,0.07917888563049853,2.217008797653959,3.642228739002933,8.551319648093841,6.5,0.255,0.0,0.4,1.2,7.5,4.4,38.0,3.4,0.8,28.4,12.0,-0.1,0.1,-0.1,-0.03,-5.5,1.6,-3.9,29.02127659574468
Toni Kukoč,SMALL FORWARD,17,14,618,7.223300970873787,14.679611650485437,2.2135922330097086,4.601941747572815,2.854368932038835,4.194174757281553,1.1067961165048543,4.543689320388349,6.174757281553398,0.7572815533980582,0.2912621359223301,2.970873786407767,2.0970873786407767,19.514563106796118,15.3,0.523,0.23600000000000002,0.267,5.5,13.0,9.4,16.5,1.9,0.4,14.0,19.8,1.1,1.3,2.5,0.121,1.4,0.7,2.1,36.35294117647059
Christian Laettner,POWER FORWARD,25,13,733,5.5006821282401095,11.197817189631651,0.14733969986357437,0.49113233287858116,5.058663028649386,5.9918144611186905,2.111869031377899,5.402455661664393,2.799454297407913,1.5225102319236017,0.9331514324693042,3.290586630286494,4.076398362892224,16.20736698499318,16.7,0.5539999999999999,0.009000000000000001,0.254,9.2,16.0,12.7,12.0,2.2,2.1,16.3,21.0,1.3,1.3,2.6,0.134,-0.5,1.3,0.8,29.32
Raef LaFrentz,CENTER,78,74,2457,5.670329670329671,11.897435897435898,0.7472527472527473,2.0366300366300365,2.681318681318681,3.838827838827839,2.5347985347985347,6.358974358974359,1.5677655677655677,0.5421245421245421,3.0183150183150182,1.4212454212454213,4.249084249084249,14.76923076923077,17.6,0.544,0.171,0.32299999999999995,7.6,19.4,13.4,7.3,0.8,5.8,9.5,18.6,4.3,2.5,6.8,0.132,0.1,0.7,0.8,31.5
Voshon Lenard,SHOOTING GUARD,80,58,2331,5.1891891891891895,13.065637065637066,2.27027027027027,5.899613899613899,2.362934362934363,2.9652509652509655,0.7258687258687259,2.841698841698842,2.9343629343629343,1.0038610038610039,0.277992277992278,1.5752895752895753,2.6254826254826256,15.011583011583012,13.2,0.522,0.452,0.22699999999999998,2.2,8.7,5.4,13.4,1.4,0.5,9.9,19.7,2.9,0.6,3.5,0.07200000000000001,0.2,-1.1,-0.8,29.1375
Rashard Lewis,POWER FORWARD,78,78,2720,5.638235294117647,11.739705882352942,1.6279411764705882,3.7720588235294117,2.3294117647058825,2.8191176470588233,1.8926470588235293,5.267647058823529,1.6544117647058822,1.2044117647058823,0.5955882352941176,1.7073529411764705,2.527941176470588,15.233823529411765,17.3,0.5870000000000001,0.321,0.24,6.1,16.7,11.4,7.6,1.8,1.2,11.6,18.4,5.9,2.1,8.0,0.142,2.4,-0.4,2.1,34.87179487179487
George Lynch,SMALL FORWARD,82,80,2649,3.723669309173273,8.371460928652322,0.20385050962627407,0.7746319365798414,1.6715741789354472,2.323895809739524,2.7180067950169877,5.300113250283125,1.8890147225368064,1.345413363533409,0.40770101925254815,1.4813137032842583,3.0169875424688564,9.322763306908268,12.4,0.496,0.09300000000000001,0.278,8.7,16.3,12.6,8.4,2.0,0.8,13.6,13.7,2.3,4.2,6.5,0.11800000000000001,-0.8,1.3,0.5,32.30487804878049
Karl Malone,POWER FORWARD,81,81,2895,8.33160621761658,16.72538860103627,0.024870466321243522,0.06217616580310881,6.665284974093264,8.40621761658031,1.4176165803108807,6.901554404145077,4.489119170984456,1.1564766839378238,0.7709844559585491,3.03419689119171,2.6860103626943004,23.353367875647667,24.7,0.5720000000000001,0.004,0.503,5.0,23.3,14.3,24.1,1.7,1.7,12.9,30.0,9.1,4.0,13.1,0.217,5.5,1.1,6.6,35.74074074074074
Stephon Marbury,POINT GUARD,67,67,2557,7.926476339460305,17.978881501759876,1.5486898709425108,4.716464606961282,5.0965975752835355,6.448181462651545,0.7461869378177551,2.140007821666015,7.1239734063355495,1.1122409073132578,0.07039499413375049,2.7735627688697693,2.1118498240125145,22.498240125146655,22.7,0.54,0.262,0.359,2.3,7.0,4.6,40.8,1.6,0.1,11.8,29.7,7.2,0.7,7.8,0.147,5.9,-1.6,4.3,38.16417910447761
Shawn Marion,SMALL FORWARD,79,79,2857,7.018550927546378,14.616730836541828,0.2646132306615331,1.0332516625831292,2.9485474273713685,3.6415820791039555,2.7721386069303464,7.913195659782989,2.016100805040252,1.663283164158208,1.36086804340217,1.6254812740637032,2.6587329366468326,17.250262513125655,21.0,0.532,0.071,0.249,8.6,25.4,16.8,10.2,2.4,2.7,9.1,22.1,5.3,6.4,11.7,0.196,2.3,1.8,4.1,36.164556962025316
Donyell Marshall,SMALL FORWARD,81,49,2326,6.608770421324161,13.140154772141013,0.6345657781599312,1.9810834049871022,3.172828890799656,4.225279449699054,2.6620808254514188,6.098022355975924,2.058469475494411,1.3155631986242475,1.2072226999140154,1.9810834049871022,3.0335339638865,17.02493551160791,19.9,0.568,0.151,0.322,9.4,20.6,15.1,10.1,2.0,2.7,11.7,21.7,5.1,3.3,8.5,0.174,3.2,0.6,3.7,28.71604938271605
Kenyon Martin,POWER FORWARD,68,68,2272,5.482394366197183,12.311619718309858,0.01584507042253521,0.1742957746478873,1.9172535211267605,3.0422535211267605,2.170774647887324,5.783450704225352,2.0757042253521125,1.2359154929577465,1.7904929577464788,2.186619718309859,4.452464788732394,12.897887323943662,13.4,0.47200000000000003,0.013999999999999999,0.247,6.7,19.0,12.7,10.4,1.8,3.7,13.8,19.9,-0.4,2.5,2.1,0.044000000000000004,-2.1,0.4,-1.7,33.411764705882355
Jamal Mashburn,SMALL FORWARD,76,76,2989,6.901304784208765,16.71729675476748,1.2405486784877886,3.4807627969220474,3.360321177651388,4.38407494145199,1.1080628972900635,5.829374372699899,4.9501505520240885,1.0237537638006022,0.15657410505185682,2.5413181666109064,2.228169956507193,18.403479424556707,17.5,0.493,0.20800000000000002,0.262,3.5,18.4,11.0,26.8,1.5,0.3,12.0,27.1,3.1,4.2,7.3,0.11800000000000001,2.1,0.0,2.1,39.328947368421055
Anthony Mason,POWER FORWARD,80,80,3254,5.089121081745543,10.55439459127228,0.0,0.0,4.093423478795328,5.244007375537799,1.869698832206515,6.649047326367548,2.743700061462815,0.8850645359557467,0.27658266748617083,1.9803318992009833,2.555623847572219,14.271665642286417,17.4,0.555,0.0,0.49700000000000005,6.2,21.9,14.1,14.2,1.4,0.6,13.3,20.0,6.0,5.6,11.6,0.171,0.8,1.1,1.9,40.675
Antonio McDyess,POWER FORWARD,70,70,2555,8.129941291585128,16.414872798434445,0.0,0.0,4.283365949119374,6.115068493150686,3.38160469667319,8.524461839530334,2.0571428571428574,0.6058708414872799,1.4371819960861056,2.2825831702544033,3.0998043052837576,20.543248532289628,22.0,0.5379999999999999,0.0,0.373,10.1,26.1,18.0,10.8,0.9,2.7,10.7,26.5,5.2,2.6,7.8,0.146,2.5,-0.8,1.7,36.5
Tracy McGrady,SHOOTING GUARD,77,77,3087,9.189504373177842,20.104956268221574,0.6880466472303207,1.935860058309038,5.014577259475218,6.845481049562682,2.239067055393586,4.524781341107872,4.104956268221574,1.3527696793002915,1.3760932944606414,2.3090379008746353,1.8658892128279883,24.081632653061224,24.9,0.521,0.096,0.34,6.7,14.3,10.4,22.8,1.9,2.8,9.1,31.2,8.3,3.9,12.2,0.18899999999999997,6.5,0.5,7.0,40.09090909090909
Jeff McInnis,POINT GUARD,81,81,2831,5.493465206640763,11.864358883786648,0.6612504415400918,1.8311550688802543,1.6531261038502296,2.0473330978452844,0.5213705404450725,2.276227481455316,5.684210526315789,0.9537265983751325,0.08901448251501237,1.4369480748851997,2.5305545743553517,13.301306958671848,15.6,0.521,0.154,0.17300000000000001,1.7,7.0,4.4,27.7,1.4,0.2,10.1,18.2,5.8,1.1,6.9,0.11699999999999999,0.6,-0.9,-0.3,34.95061728395062
Aaron McKie,SHOOTING GUARD,76,33,2394,5.082706766917293,10.736842105263158,0.7969924812030075,2.556390977443609,2.2406015037593985,2.917293233082707,0.49624060150375937,4.180451127819548,5.669172932330826,1.593984962406015,0.12030075187969924,3.052631578947368,2.6766917293233083,13.203007518796992,15.1,0.5489999999999999,0.23800000000000002,0.272,1.6,12.9,7.3,26.7,2.3,0.2,20.3,18.9,2.3,3.5,5.9,0.11800000000000001,0.1,1.3,1.4,31.5
Ron Mercer,SHOOTING GUARD,61,61,2535,7.100591715976331,15.919526627218934,0.19881656804733727,0.6532544378698224,2.6698224852071006,3.237869822485207,1.0224852071005917,2.3289940828402367,2.854437869822485,1.1076923076923075,0.3834319526627219,1.8319526627218934,2.101775147928994,17.0698224852071,14.8,0.49200000000000005,0.040999999999999995,0.203,3.2,8.0,5.5,16.2,1.7,0.8,9.6,24.8,1.5,0.4,1.8,0.035,0.3,-2.2,-1.9,41.557377049180324
Andre Miller,POINT GUARD,82,82,2848,5.713483146067415,12.627808988764045,0.2148876404494382,0.8089887640449438,4.740168539325842,5.688202247191011,1.1882022471910112,3.3623595505617976,8.304775280898877,1.5042134831460674,0.3539325842696629,3.3497191011235956,2.8946629213483144,16.382022471910112,20.1,0.541,0.064,0.45,3.8,10.8,7.3,40.5,2.2,0.7,18.1,23.2,6.1,1.9,8.0,0.136,3.0,-0.2,2.8,34.73170731707317
Mike Miller,SMALL FORWARD,82,62,2390,5.5430962343096235,12.728033472803347,2.22928870292887,5.482845188284519,1.3707112970711297,1.9280334728033472,0.994142259414226,3.9313807531380753,2.1087866108786613,0.7682008368200837,0.28619246861924685,1.4610878661087865,3.01255230125523,14.686192468619247,13.2,0.541,0.431,0.151,3.0,12.4,7.6,9.7,1.1,0.6,9.7,18.5,3.3,1.9,5.3,0.106,0.7,-0.9,-0.2,29.146341463414632
Reggie Miller,SHOOTING GUARD,81,81,3181,5.850990254636907,13.309022320025148,1.9239232945614586,5.251178874567746,3.6554542596667714,3.9383841559258093,0.4300534423137378,2.7953473750392956,2.9424709210939954,0.9166928638792832,0.1697579377554228,1.5051870480980822,1.8333857277585663,17.281358063502044,17.3,0.574,0.395,0.29600000000000004,1.4,8.5,5.1,15.0,1.4,0.3,9.1,21.5,8.1,2.2,10.3,0.155,2.8,-0.6,2.3,39.27160493827161
Chris Mills,SMALL FORWARD,15,8,493,5.1845841784989855,13.947261663286003,0.511156186612576,1.8255578093306288,2.26369168356998,2.6288032454361057,1.7525354969574036,5.0385395537525355,1.3144016227180528,0.6572008113590264,0.36511156186612576,1.460446247464503,3.1399594320486814,13.144016227180527,9.6,0.435,0.131,0.188,4.8,16.2,10.0,6.1,0.9,0.7,8.8,19.4,0.0,0.1,0.1,0.006999999999999999,-2.8,-1.6,-4.4,32.86666666666667
Cuttino Mobley,SHOOTING GUARD,79,49,3002,6.319786808794137,14.558294470353097,1.0792804796802131,3.0219853431045967,4.724850099933377,5.684210526315789,0.9953364423717521,3.7654896735509658,2.3384410393071287,1.0073284477015323,0.3117921385742838,1.978680879413724,2.0266489007328445,18.443704197201864,17.7,0.541,0.20800000000000002,0.39,3.3,11.8,7.7,11.5,1.5,0.6,10.4,24.3,6.2,2.0,8.2,0.13,1.7,-0.8,0.9,38.0
Lamond Murray,SMALL FORWARD,78,46,2225,6.326292134831461,14.96629213483146,0.9869662921348316,2.6696629213483147,2.507865168539326,3.4139325842696633,1.6826966292134833,3.8184269662921353,2.006292134831461,1.3429213483146067,0.4368539325842697,2.281348314606742,2.7991011235955057,16.14741573033708,13.9,0.49,0.17800000000000002,0.228,5.4,12.3,8.9,10.1,2.0,0.9,12.2,23.5,0.8,1.5,2.3,0.05,-0.1,-1.0,-1.1,28.525641025641026
Dikembe Mutombo,CENTER,49,49,1716,3.5454545454545454,7.426573426573427,0.0,0.0,2.244755244755245,3.230769230769231,3.944055944055944,10.594405594405595,1.132867132867133,0.4195804195804196,2.874125874125874,1.9300699300699302,2.9160839160839163,9.335664335664337,16.5,0.528,0.0,0.435,12.1,33.0,22.5,5.0,0.6,5.7,17.9,13.4,1.5,3.0,4.5,0.125,-0.1,1.4,1.4,35.02040816326531
Steve Nash,POINT GUARD,70,70,2387,5.821533305404273,11.944700460829493,1.3422706325932132,3.3028906577293675,3.4838709677419355,3.8910766652702136,0.6937578550481777,2.669459572685379,7.676581483033096,1.0858818600754085,0.0754084625052367,3.0917469627147045,2.3829074151654797,16.469208211143695,19.6,0.603,0.27699999999999997,0.326,2.2,8.1,5.2,34.6,1.6,0.1,18.5,21.1,6.8,1.6,8.4,0.16899999999999998,3.8,-1.1,2.8,34.1
Dirk Nowitzki,POWER FORWARD,82,82,3125,6.80832,14.365440000000001,1.7395200000000002,4.4928,5.19552,6.197760000000001,1.37088,7.315200000000001,1.99296,0.9100800000000001,1.16352,1.79712,2.8224,20.55168,22.8,0.601,0.313,0.431,4.4,22.1,13.5,9.4,1.3,2.3,9.5,23.8,10.3,4.3,14.6,0.22399999999999998,4.9,0.5,5.4,38.109756097560975
Jermaine O'Neal,CENTER,81,80,2641,5.507004922377887,11.831881862930707,0.0,0.0681560015145778,3.176069670579326,5.288905717531238,3.394168875425975,7.4290041650889815,1.335857629685725,0.6679288148428625,3.107913669064748,2.1946232487694055,3.816736084816357,14.1900795153351,17.5,0.501,0.006,0.447,11.0,22.7,17.0,6.7,1.0,6.2,13.4,21.2,1.7,4.7,6.4,0.11599999999999999,-0.8,1.0,0.3,32.60493827160494
Shaquille O'Neal,CENTER,74,74,2924,10.009575923392612,17.507523939808483,0.0,0.024623803009575923,6.143638850889193,11.967168262653898,3.582763337893297,7.990424076607387,3.4103967168262654,0.5786593707250342,2.511627906976744,2.6839945280437756,3.151846785225718,26.162790697674417,30.2,0.574,0.001,0.684,11.3,24.8,18.1,18.8,0.8,4.9,10.5,31.6,11.1,3.9,14.9,0.245,7.0,0.7,7.7,39.513513513513516
Charles Oakley,POWER FORWARD,78,77,2767,3.9681966028189373,10.226237802674376,0.14311528731478135,0.637513552584026,1.6523310444524755,1.9775930610769787,1.8474882544271773,7.793277918323094,3.4347668955547523,0.9887965305384894,0.6245030719190459,1.808456812432237,3.356704011564872,9.731839537405131,11.6,0.439,0.062,0.193,5.6,25.0,15.1,14.6,1.4,1.2,14.0,16.0,0.2,3.5,3.7,0.065,-2.2,0.8,-1.4,35.47435897435897
Lamar Odom,POWER FORWARD,76,74,2836,6.105782792665726,13.277856135401974,1.0155148095909732,3.2115655853314524,3.325811001410437,4.899858956276446,1.396332863187588,6.118476727785613,4.976022566995768,0.9393511988716502,1.548660084626234,3.3511988716502112,2.9957686882933707,16.552891396332864,18.9,0.536,0.242,0.369,4.6,18.9,11.9,25.0,1.4,3.0,17.8,24.1,3.2,3.3,6.5,0.111,2.9,1.1,4.0,37.31578947368421
Bo Outlaw,POWER FORWARD,80,69,2534,3.2107340173638517,5.228097868981847,0.014206787687450671,0.028413575374901343,1.8326756116811367,3.196527229676401,2.997632202052092,5.796369376479874,3.196527229676401,1.4917127071823204,1.9463299131807419,2.0031570639305447,3.423835832675612,8.268350434096291,15.7,0.623,0.005,0.611,9.0,18.3,13.6,13.3,2.1,4.0,23.2,10.6,3.9,4.0,7.9,0.15,0.4,2.6,3.1,31.675
Gary Payton,POINT GUARD,79,79,3244,8.045622688039456,17.655980271270035,1.1319358816276202,3.0184956843403206,3.0073982737361282,3.9284833538840935,0.8101109741060418,3.196054254007398,7.124537607891492,1.409371146732429,0.2885326757090012,2.319358816276202,2.041923551171393,20.23057953144266,22.1,0.522,0.171,0.223,2.6,10.1,6.4,36.6,2.1,0.6,10.7,27.2,9.1,1.7,10.8,0.16,4.7,-0.7,4.0,41.063291139240505
Paul Pierce,SMALL FORWARD,82,82,3120,7.926923076923077,17.45769230769231,1.6961538461538463,4.430769230769231,6.346153846153847,8.515384615384615,1.0846153846153848,4.938461538461539,2.9192307692307695,1.5923076923076924,0.7961538461538462,3.0230769230769234,2.8961538461538465,23.896153846153847,22.3,0.563,0.254,0.488,3.4,16.7,9.8,16.9,2.3,1.7,12.5,30.6,6.9,3.5,10.4,0.16,4.5,-0.1,4.4,38.048780487804876
Scottie Pippen,SMALL FORWARD,64,60,2133,4.540084388185654,10.059071729957806,1.080168776371308,3.1392405063291138,2.0084388185654007,2.7172995780590714,1.1814345991561181,4.438818565400844,4.962025316455696,1.5864978902953586,0.5907172995780591,2.5991561181434597,2.6666666666666665,12.168776371308017,15.3,0.541,0.312,0.27,4.1,14.2,9.3,21.8,2.4,1.2,18.8,17.9,2.4,2.7,5.1,0.115,1.0,1.2,2.2,33.328125
Theo Ratliff,CENTER,50,50,1800,4.5600000000000005,9.14,0.0,0.0,3.3000000000000003,4.34,2.5,5.76,1.16,0.6,3.74,2.52,3.3000000000000003,12.42,16.3,0.562,0.0,0.475,8.0,17.7,13.0,5.3,0.9,7.6,18.6,17.0,1.7,3.5,5.2,0.138,-1.1,2.7,1.6,36.0
Glen Rice,SMALL FORWARD,75,25,2212,5.386980108499096,12.23869801084991,1.3345388788426764,3.433996383363472,2.522603978300181,2.9620253164556964,0.9927667269439422,4.0036166365280295,1.4484629294755877,0.6672694394213382,0.2115732368896926,1.5623869801084993,2.913200723327306,14.63110307414105,13.7,0.54,0.281,0.242,3.4,13.0,8.4,7.4,1.0,0.5,10.3,20.5,2.7,2.9,5.7,0.12300000000000001,0.5,0.1,0.5,29.493333333333332
Mitch Richmond,SHOOTING GUARD,37,30,1216,6.06907894736842,14.921052631578947,1.332236842105263,3.9375,4.233552631578947,4.7368421052631575,0.444078947368421,2.7828947368421053,3.2861842105263155,1.2730263157894737,0.20723684210526314,2.486842105263158,2.5460526315789473,17.70394736842105,14.9,0.521,0.264,0.317,1.4,9.2,5.2,16.6,1.8,0.4,12.8,24.1,1.4,0.2,1.6,0.065,1.0,-1.2,-0.3,32.86486486486486
Clifford Robinson,POWER FORWARD,82,82,2751,6.556161395856052,15.520174482006542,1.1777535441657578,3.25845147219193,3.3107960741548528,4.67175572519084,1.3740458015267176,2.9967284623773174,3.1014176663031625,1.138495092693566,1.0730643402399127,2.4340239912758994,3.376226826608506,17.600872410032714,14.8,0.501,0.21,0.301,4.2,9.6,6.9,15.4,1.6,2.2,12.2,24.8,1.6,3.9,5.4,0.095,0.5,0.4,0.9,33.548780487804876
David Robinson,CENTER,80,80,2371,6.073386756642766,12.495993251792493,0.0,0.015183466891606916,5.329396878954028,7.136229439055251,3.1581611134542387,7.333614508646141,1.7612821594264023,1.2146773513285534,2.9911429776465623,1.8523829607760438,3.218894981020666,17.47617039223956,23.7,0.5589999999999999,0.001,0.5710000000000001,10.4,22.0,16.5,8.8,1.8,5.8,10.6,22.8,6.4,5.7,12.1,0.24600000000000002,2.5,2.7,5.2,29.6375
Glenn Robinson,SMALL FORWARD,76,74,2813,8.753643796658372,18.684678279416993,0.7038748666903661,2.3547813722004975,3.2122289370778527,3.916103803768219,1.5869178812655529,5.144685389264131,3.2250266619267687,1.1006043370067544,0.7934589406327764,2.802701741912549,2.444365446142908,21.423391397084963,20.1,0.525,0.126,0.21,5.0,16.1,10.6,16.5,1.6,1.6,12.1,29.2,4.2,2.5,6.7,0.114,2.3,-1.0,1.3,37.01315789473684
Jalen Rose,SMALL FORWARD,72,72,2943,6.935779816513762,15.192660550458715,0.7217125382262997,2.128440366972477,3.4862385321100917,4.207951070336391,0.4525993883792049,3.9388379204892967,5.321100917431193,0.7951070336391437,0.5259938837920489,2.581039755351682,2.8134556574923546,18.079510703363916,17.8,0.53,0.14,0.27699999999999997,1.5,12.0,6.9,28.7,1.2,1.0,13.2,25.5,4.8,2.5,7.3,0.11900000000000001,2.1,-0.4,1.8,40.875
Bryon Russell,SMALL FORWARD,78,46,2473,4.4836231298018605,10.1900525677315,1.3829357056207037,3.348160129397493,3.231702385766276,4.148807116862111,1.3683784876668015,3.435503437120906,2.329154872624343,1.3974929235746059,0.29114435907804287,1.6449656287909422,3.3336029114435908,13.5818843509907,14.1,0.565,0.32899999999999996,0.40700000000000003,4.8,11.6,8.3,10.4,2.1,0.7,12.0,17.5,4.5,2.3,6.8,0.133,1.1,0.2,1.3,31.705128205128204
Steve Smith,SHOOTING GUARD,81,36,2542,5.084185680566483,11.159716758457908,1.1046420141620772,3.2572777340676633,4.376081825334382,4.914240755310779,1.2321007081038553,2.6199842643587727,3.016522423288749,0.6797797010228167,0.33988985051140835,1.940204563335956,2.874901652242329,15.649095200629425,15.9,0.5870000000000001,0.292,0.44,4.2,8.4,6.4,13.6,1.0,0.7,12.7,19.7,6.6,1.6,8.2,0.155,1.5,-0.9,0.6,31.382716049382715
Eric Snow,POINT GUARD,50,50,1740,3.7655172413793103,9.0,0.10344827586206896,0.3931034482758621,2.524137931034483,3.1862068965517243,0.5586206896551724,2.875862068965517,7.634482758620689,1.5931034482758621,0.14482758620689656,2.56551724137931,2.5448275862068965,10.158620689655173,14.0,0.488,0.044000000000000004,0.354,1.8,8.8,5.4,33.9,2.3,0.3,19.8,16.3,1.5,2.3,3.8,0.105,-0.6,0.9,0.3,34.8
Latrell Sprewell,SMALL FORWARD,77,77,3017,6.252568776930726,14.545575074577396,0.48922770964534307,1.6108717268810078,3.2814053695724232,4.18826648989062,0.5846867749419954,3.5558501823002984,3.209811070599934,1.264832615180643,0.3341067285382831,2.6012595293337752,1.8972489227709646,16.27577063307922,15.1,0.49700000000000005,0.111,0.28800000000000003,2.0,11.6,7.0,17.2,1.9,0.8,13.7,25.8,0.5,4.6,5.1,0.08199999999999999,0.0,0.8,0.7,39.18181818181818
Jerry Stackhouse,SHOOTING GUARD,80,80,3215,8.66687402799378,21.57760497667185,1.8587869362363918,5.296423017107309,7.457542768273717,9.069984447900467,1.1085536547433903,2.418662519440124,4.590979782270606,1.086158631415241,0.604665629860031,3.6503888024883357,1.791601866251944,26.650077760497666,21.8,0.521,0.245,0.42,3.2,7.3,5.2,25.8,1.5,1.2,12.5,35.2,6.6,2.6,9.2,0.13699999999999998,5.8,-0.7,5.1,40.1875
Bryant Stith,SHOOTING GUARD,78,74,2504,3.522364217252396,8.784345047923322,1.3083067092651757,3.4792332268370605,2.515974440894569,2.976038338658147,0.9345047923322684,3.1485623003194885,2.415335463258786,1.3370607028753994,0.2012779552715655,1.293929712460064,2.6166134185303513,10.869009584664536,11.7,0.5379999999999999,0.396,0.33899999999999997,2.9,10.7,6.6,11.2,1.9,0.4,11.4,14.4,3.1,1.7,4.8,0.09300000000000001,-0.9,-0.2,-1.1,32.1025641025641
John Stockton,POINT GUARD,82,82,2397,4.926157697121401,9.777221526908635,0.916145181476846,1.9824780976220275,3.409261576971214,4.175219023779724,0.8110137672090112,2.598247809762203,10.708385481852314,1.9824780976220275,0.31539424280350437,3.048811013767209,2.913642052565707,14.177722152690864,22.3,0.61,0.203,0.42700000000000005,2.9,8.8,5.9,48.7,2.9,0.7,20.8,18.8,8.2,2.6,10.8,0.21600000000000003,5.5,1.2,6.7,29.23170731707317
Peja Stojaković,SMALL FORWARD,75,75,2905,6.927366609294321,14.734595524956971,1.7845094664371774,4.461273666092944,3.308777969018933,3.866437177280551,1.1524956970740103,4.225817555938038,2.032358003442341,1.127710843373494,0.1611015490533563,1.8092943201376936,1.7845094664371774,18.94802065404475,18.4,0.5760000000000001,0.303,0.262,3.5,12.3,8.0,9.6,1.6,0.3,9.9,22.4,6.8,3.3,10.1,0.168,2.8,-0.3,2.5,38.733333333333334
Damon Stoudamire,POINT GUARD,82,82,2655,5.505084745762712,12.677966101694915,1.111864406779661,2.9694915254237286,2.3322033898305086,2.806779661016949,0.9355932203389831,3.172881355932203,6.345762711864406,1.4372881355932203,0.10847457627118644,2.5898305084745763,2.7389830508474575,14.454237288135593,16.3,0.519,0.23399999999999999,0.221,3.2,10.2,6.8,29.1,2.1,0.2,15.7,21.3,4.1,2.5,6.7,0.121,1.1,-0.1,1.0,32.3780487804878
Rod Strickland,POINT GUARD,33,28,1020,4.976470588235294,11.68235294117647,0.1411764705882353,0.5647058823529412,4.0588235294117645,5.188235294117647,0.8823529411764706,2.8235294117647056,8.152941176470588,1.5176470588235293,0.1411764705882353,2.929411764705882,1.9411764705882353,14.152941176470588,17.4,0.507,0.048,0.444,2.8,9.4,6.0,38.9,2.2,0.3,17.3,20.9,1.5,0.3,1.8,0.084,2.3,-0.9,1.5,30.90909090909091
Bob Sura,SHOOTING GUARD,53,42,1684,4.318289786223278,11.073634204275534,1.004750593824228,3.676959619952494,2.885985748218527,4.040380047505938,1.1543942992874108,3.69833729216152,5.173396674584323,1.1543942992874108,0.171021377672209,3.4204275534441804,2.7149643705463182,12.52731591448931,11.2,0.48700000000000004,0.332,0.365,3.1,11.9,7.1,23.1,1.6,0.3,21.0,19.1,-0.3,0.4,0.1,0.003,-2.0,-1.3,-3.3,31.77358490566038
Wally Szczerbiak,SMALL FORWARD,82,82,2856,5.911764705882353,11.596638655462185,0.3277310924369748,0.9705882352941176,2.2815126050420167,2.6218487394957983,1.6764705882352942,3.957983193277311,3.277310924369748,0.7436974789915967,0.41596638655462187,1.7394957983193278,2.8487394957983194,14.432773109243698,15.8,0.5660000000000001,0.084,0.226,5.3,12.7,8.9,14.5,1.1,0.8,12.0,18.2,5.7,1.7,7.4,0.125,1.2,-0.8,0.4,34.829268292682926
Maurice Taylor,SMALL FORWARD,69,69,1972,7.119675456389452,14.549695740365111,0.0,0.07302231237322515,2.1724137931034484,2.9574036511156185,1.9898580121703853,4.910750507099391,1.898580121703854,0.511156186612576,0.6937119675456389,2.281947261663286,3.797160243407708,16.41176470588235,14.9,0.518,0.005,0.203,6.6,15.4,11.1,9.7,0.8,1.3,12.6,23.2,1.8,1.4,3.2,0.077,-0.9,-1.0,-1.9,28.579710144927535
Jason Terry,SHOOTING GUARD,82,77,3089,6.945937196503723,15.931369375202332,1.44512787309809,3.6594367109096795,3.5312398834574297,4.172224020718679,0.48947879572677244,2.645516348332794,4.696665587568793,1.2120427322758174,0.13985108449336356,2.7853674328261575,2.3774684363871805,18.868242149562967,17.3,0.531,0.23,0.262,1.5,8.2,4.9,24.3,1.8,0.3,13.6,25.5,4.9,1.6,6.5,0.1,2.3,-1.0,1.3,37.670731707317074
Nick Van Exel,POINT GUARD,71,70,2688,6.160714285714286,14.892857142857142,1.8080357142857142,4.794642857142857,2.732142857142857,3.3348214285714284,0.5892857142857143,2.638392857142857,8.035714285714285,0.8169642857142857,0.24107142857142855,2.2098214285714284,1.4598214285714284,16.861607142857142,18.5,0.515,0.322,0.22399999999999998,1.8,8.1,4.9,38.4,1.2,0.5,11.9,23.0,6.1,0.3,6.4,0.114,4.0,-2.0,1.9,37.859154929577464
Keith Van Horn,SMALL FORWARD,49,47,1733,6.3981534910559725,14.707443739180613,1.350259665320254,3.531448355452972,3.11598384304674,3.8638199653779575,1.6203115983843048,5.58799769186382,1.7034045008655512,0.830929024812464,0.415464512406232,2.139642238892095,3.11598384304674,17.26255049047894,15.5,0.526,0.24,0.263,5.0,18.3,11.5,9.0,1.2,0.9,11.5,23.4,1.7,1.2,2.8,0.079,0.8,-1.9,-1.1,35.36734693877551
Antoine Walker,POWER FORWARD,81,81,3396,7.5371024734982335,18.233215547703182,2.3427561837455833,6.392226148409894,2.639575971731449,3.68904593639576,1.6007067137809188,6.021201413427562,4.7173144876325095,1.462897526501767,0.519434628975265,3.1908127208480566,2.660777385159011,20.0565371024735,18.9,0.505,0.35100000000000003,0.20199999999999999,5.0,20.4,12.3,26.8,2.1,1.1,13.8,29.1,2.7,3.8,6.6,0.09300000000000001,3.5,-0.5,3.0,41.925925925925924
Ben Wallace,CENTER,80,80,2760,2.8043478260869565,5.726086956521739,0.013043478260869565,0.05217391304347826,1.0434782608695652,3.1043478260869564,3.952173913043478,9.769565217391303,1.6043478260869564,1.3956521739130434,2.426086956521739,1.526086956521739,2.5043478260869563,6.665217391304347,14.8,0.47,0.009000000000000001,0.542,11.5,29.6,20.4,6.8,2.0,4.8,17.7,10.4,1.0,6.0,7.0,0.121,-0.6,2.5,1.9,34.5
Rasheed Wallace,POWER FORWARD,77,75,2940,7.224489795918367,14.424489795918367,0.636734693877551,1.983673469387755,3.0,3.9183673469387754,1.7999999999999998,5.571428571428571,2.595918367346939,1.1020408163265305,1.6530612244897958,1.9346938775510203,2.522448979591837,18.085714285714285,20.9,0.56,0.138,0.272,6.2,17.9,12.2,12.9,1.6,3.4,10.7,23.4,6.8,4.2,11.0,0.18,3.3,1.1,4.4,38.18181818181818
Clarence Weatherspoon,POWER FORWARD,82,82,2774,4.503244412400865,8.980533525594808,0.0,0.0,2.9848594087959626,3.7764960346070655,2.8940158615717375,7.436193222782984,1.3366979091564528,1.1031002162941599,1.362653208363374,1.453496755587599,2.219178082191781,11.991348233597693,17.4,0.563,0.0,0.42100000000000004,9.3,23.9,16.6,6.2,1.6,2.8,12.0,15.2,5.2,3.4,8.6,0.14800000000000002,1.3,0.2,1.4,33.829268292682926
Chris Webber,POWER FORWARD,70,70,2836,9.977433004231312,20.754583921015513,0.02538787023977433,0.3554301833568406,4.112834978843441,5.851904090267983,2.2722143864598023,7.590973201692524,3.7320169252468265,1.1805359661495063,1.4978843441466854,2.475317348377997,2.8688293370944993,24.093088857545837,24.7,0.516,0.017,0.282,7.0,22.1,14.8,20.6,1.7,2.8,9.6,31.6,5.8,5.2,11.0,0.18600000000000003,4.0,1.4,5.5,40.51428571428571
David Wesley,SHOOTING GUARD,82,82,3106,6.061815840309079,14.360592401802961,1.124275595621378,2.990341274951706,3.1410173857050867,3.9291693496458464,0.7417900837089504,1.854475209272376,4.184159690920798,1.4835801674179008,0.1854475209272376,1.9819703799098518,2.549903412749517,16.38892466194462,15.3,0.509,0.20800000000000002,0.27399999999999997,2.4,5.9,4.1,21.7,2.2,0.4,11.0,23.1,4.2,3.4,7.6,0.11699999999999999,0.4,0.0,0.4,37.8780487804878
Alvin Williams,SHOOTING GUARD,82,34,2394,4.962406015037594,11.533834586466165,0.49624060150375937,1.6240601503759398,1.6390977443609023,2.180451127819549,0.7518796992481203,2.43609022556391,6.120300751879699,1.8496240601503757,0.39097744360902253,1.5488721804511276,2.571428571428571,12.060150375939848,15.2,0.483,0.141,0.18899999999999997,2.3,7.8,5.0,27.2,2.7,0.8,11.0,17.4,3.3,2.1,5.4,0.109,-0.1,0.9,0.8,29.195121951219512
Jason Williams,POINT GUARD,77,77,2290,4.417467248908297,10.847161572052402,1.5406113537117905,4.889082969432315,0.9432314410480349,1.194759825327511,0.2986899563318777,2.6096069868995633,6.539737991266376,1.4777292576419214,0.14148471615720526,2.51528384279476,1.7921397379912665,11.318777292576419,12.8,0.498,0.451,0.11,0.9,7.6,4.4,27.6,2.1,0.3,18.1,17.0,1.3,2.4,3.8,0.079,-0.4,-0.2,-0.6,29.74025974025974
Corliss Williamson,SMALL FORWARD,27,9,800,7.739999999999999,14.49,0.0,0.0,3.0149999999999997,4.8149999999999995,2.385,5.175,1.26,1.575,0.36,2.025,3.915,18.495,12.1,0.51,0.006,0.4,7.1,12.5,9.7,6.3,0.9,1.0,14.5,22.6,0.3,0.6,0.8,0.045,-2.2,-1.5,-3.7,29.62962962962963
Metta World Peace,SMALL FORWARD,76,74,2363,4.9818027930596696,12.416419805332204,0.6550994498518832,2.2547608971646214,3.199322894625476,4.265763859500635,0.8988573846804908,3.5801946677951753,3.4735505713076598,2.315700380871773,0.6855691917054592,2.422344477359289,3.869657215404147,13.818027930596699,13.6,0.483,0.182,0.344,2.9,12.3,7.4,17.6,3.5,1.4,14.5,21.6,-0.1,2.0,1.9,0.039,-1.9,0.5,-1.3,31.092105263157894
